"Name","Target","ServerOnly","NeverRemove","Stackable","Type","Value","Projectile","AreaEffect","Character","Skill","StatusEffect","SecondProjectile","SecondAreaEffect","OverchargeActive","SpawnedObjectDamage","SpawnedObjectRange","BooleanAttributes"
"string","string","boolean","boolean","boolean","string","string","string","string","string","string","string","string","string","boolean","int","int","string"
"elPrimo1","Luchador","TRUE","","TRUE","IncreaseMaxHp","10","","","","","","","","","","",""
"elPrimo2","Luchador","","","","OverrideChargeSpeed","2600","","","","","","","","","","",""
"elPrimo3","Luchador","","","","OverrideUltiCharge","150","","","","","","","","","","",""
"Bea1","BeeSniper","TRUE","","","TriggerProjectileOnHittingEnemy","500","BeeSniperCirclingProjectile","","","","","","","","","",""
"Lola1","Duplicator","TRUE","","","OverrideMaxSpawns","2","","","","","","","","","","",""
"Lola2","Duplicator","TRUE","","","OverrideNumSpawns","2","","","","","","","","","","",""
"Lola3","Duplicator","","","","OverrideUltiCharge","115","","","","","","","","","","",""
"Lola4","Duplicator","TRUE","","","OverrideSpawnCharacterRandomDist","350","","","","","","","","","","",""
"Angelo1","InsectMan","TRUE","","","OverrideSpreadBasicAttack","80","","","","","","","","","","",""
"Angelo2","InsectMan","TRUE","","","OverrideNumBulletsInBasicAttack","3","","","","","","","","","","",""
"Nita1","Shaman","TRUE","","","OverrideMaxSpawns","2","","","","","","","","","","",""
"Nita2","Shaman","TRUE","","","OverrideNumSpawns","2","","","","","","","","","","",""
"Nita3","Shaman","TRUE","","","OverrideSpawnCharacterRandomDist","300","","","","","","","","","","",""
"Penny1","ArtilleryDude","TRUE","","","OverrideMaxSpawns","2","","","","","","","","","","",""
"Penny2","ArtilleryDude","TRUE","","","OverrideNumSpawns","2","","","","","","","","","","",""
"Griff1","AssaultShotgun","","","","OverrideSpreadUlti","300","","","","","","","","","","",""
"Griff2","AssaultShotgun","TRUE","","","OverrideNumBulletsInUlti","10","","","","","","","","","","",""
"Max1","Speedy","TRUE","","","OverrideBasicAttackRechargeTime","100","","","","","","","","","","",""
"Tick1","ClusterBombDude","TRUE","","","OverrideMaxSpawns","3","","","","","","","","","","",""
"Tick2","ClusterBombDude","TRUE","","","OverrideNumSpawns","3","","","","","","","","","","",""
"Frank1","HammerDude","TRUE","","","IncreaseMaxHp","10","","","","","","","","","","",""
"Frank2","HammerDude","","","","IncreaseSpeedPercent","20","","","","","","","","","","",""
"Frank3","HammerDude","TRUE","","","OverridePierceEnvironment","1","","","","","","","","","","",""
"Spike1","Cactus","TRUE","","","OverrideNumBulletsInBasicAttackBulletExplosion","8","","","","","","","","","","",""
"Spike2","Cactus","TRUE","","","OverrideBulletExplosionCurvature","180","","","","","","","","","","",""
"Spike3","Cactus","TRUE","","","OverrideBulletExplosionCurvatureAddedDistance","1000","","","","","","","","","","",""
"Gale1","Blower","TRUE","","","OverrideNumBulletsInUlti","12","","","","","","","","","","",""
"Shelly1","ShotgunGirl","TRUE","","","OverrideRapidFireAttackPatternUlti","19","","","","","","","","","","",""
"Shelly2","ShotgunGirl","TRUE","","","OverrideNumBulletsInUlti","30","","","","","","","","","","",""
"Shelly3","ShotgunGirl","","","","OverrideSpreadUlti","200","","","","","","","","","","",""
"Crow1","Crow","TRUE","","","OverridePiercesCharacters","1","","","","","","","","","","",""
"Crow2","Crow","TRUE","","","OverrideBasicAttackIsBoomerang","1","","","","","","","","","","",""
"Bo1","BowDude","","","","OverrideUltiCharge","125","","","","","","","","","","",""
"Bo2","BowDude","TRUE","","","OverrideNumMaxItems","99","","","","","","","","","","",""
"Carl1","Whirlwind","TRUE","","","OverrideSpeedProjectile","3500","","","","","","","","","","",""
"Melodie1","AxeJuggler","TRUE","","","OverrideBasicAttackSteerLifeTime","300","","","","","","","","","","",""
"Melodie2","AxeJuggler","TRUE","","","AddChainBulletsMaxProjectile","2","","","","","","","","","","",""
"Poco1","DeadMariachi","TRUE","","","TriggerAreaEffectWhenReceivingDmg","","","PocoMutantRegenArea","","","","","","","","",""
"Brock1","RocketGirl","TRUE","","","OverrideSpawnAreaEffect2BasicAttack","","","MorningstarUltiArea3SP","","","","","","","","",""
"Brock2","RocketGirl","TRUE","","","OverrideAreaEffect2DamagePercent","150","","","","","","","","","","",""
"Meg1","MechaDude","","","","OverrideBasicAttackCastingRange","32","","","","","","","","","","",""
"Meg1_Transform","MechaDudeBig","","","","OverrideBasicAttackCastingRange","32","","","","","","","","","","",""
"Meg2_Transform","MechaDudeBig","TRUE","","","OverrideSpreadBasicAttack","50","","","","","","","","","","",""
"Colt1","Gunslinger","TRUE","","","OverridePierceEnvironment","1","","","","","","","","","","",""
"Colt2","Gunslinger","","","","OverrideBasicAttackCastingRange","35","","","","","","","","","","",""
"Sprout1","Wally","TRUE","","","OverrideMaxDistanceAddBounces","4","","","","","","","","","","",""
"Sprout2","Wally","","","","OverrideDistanceAddFromBounce","1500","","","","","","","","","","",""
"Sprout3","Wally","TRUE","","","ChainProjectileTriggersSpawnAreaEffect","","","","","","","","","","","",""
"Sprout4","Wally","TRUE","","","ProjectileBounceTriggersSpawnAreaEffect","","","","","","","","","","","",""
"Ruffs1","Ruffs","TRUE","","","OverrideMaxDistanceAddBounces","6","","","","","","","","","","",""
"Ruffs2","Ruffs","","","","OverrideDistanceAddFromBounce","2300","","","","","","","","","","",""
"Ruffs3","Ruffs","TRUE","","","OverrideNumBulletsInBasicAttack","3","","","","","","","","","","",""
"Gray1","DoorMan","TRUE","","","SpawnAreaEffectWhenGoingThrowPortal","","","GrayMutationArea","","","","","","","","",""
"Gray2","DoorMan","","","","OverrideUltiCharge","130","","","","","","","","","","",""
"Squeak1","StickyBomb","","","","OverrideUltiCharge","110","","","","","","","","","","",""
"Mandy1","Beamer","TRUE","","","OverrideNumBulletsInUlti","3","","","","","","","","","","",""
"Mandy2","Beamer","","","","OverrideSpreadUlti","200","","","","","","","","","","",""
"Hank1","FishTank","TRUE","","","TriggerAreaEffectWhenReceivingDmg","","","FishTankUltiArea","","","","","","","","",""
"Rosa1","Rosa","TRUE","","","TriggerAreaEffectOnBasicAttack","","","MutantBushGrowArea","","","","","","","","",""
"Rosa2","Rosa","TRUE","","","ApplyStatusEffectToEnemiesAllTime","","","","","","MutantRosaForceShow","","","","","",""
"Rico1","TrickshotDude","TRUE","","","OverrideMaxDistanceAddBounces","5","","","","","","","","","","",""
"Rico2","TrickshotDude","","","","OverrideDistanceAddFromBounce","2000","","","","","","","","","","",""
"Eve1","Flea","TRUE","","","SpawnCharacterOnHit","1","","","FleaPet","","","","","","","",""
"Belle1","ElectroSniper","TRUE","","","OverrideChainTravelDistance","12","","","","","","","","","","",""
"Belle2","ElectroSniper","TRUE","","","OverrideNumsChainsForward","5","","","","","","","","","","",""
"Belle3","ElectroSniper","TRUE","","","OverrideChainProjectile","","ElectroSniperMutantProjectile","","","","","","","","","",""
"Belle4","ElectroSniper","TRUE","","","OverrideChainProjectileTravelType","13","","","","","","","","","","",""
"Ash1","Knight","TRUE","","","OverrideMaxSpawns","20","","","","","","","","","","",""
"Ash2","Knight","TRUE","","","OverrideNumSpawns","2","","","","","","","","","","",""
"ASh3","Knight","","","","OverrideUltiCharge","150","","","","","","","","","","",""
"Piper1","Sniper","TRUE","","","OverrideMsBetweenBasicAttacks","200","","","","","","","","","","",""
"Piper2","Sniper","TRUE","","","OverrideActiveTimeBasicAttack","400","","","","","","","","","","",""
"Janet1","JetpackGirl","TRUE","","","OverrideMsBetweenAttackUlti","460","","","","","","","","","","",""
"Janet2","JetpackGirl","","","","OverrideUltiCharge","85","","","","","","","","","","",""
"Buzz1","RopeDude","","","","OverrideUltiCastingRange","60","","","","","","","","","","",""
"Buzz2","RopeDude","TRUE","","","IncreaseMaxHp","20","","","","","","","","","","",""
"Buzz3","RopeDude","","","","OverrideUltiCharge","120","","","","","","","","","","",""
"Grom1","CrossBomber","","","","OverrideUltiCharge","80","","","","","","","","","","",""
"Grom2","CrossBomber","TRUE","","","OverrideNumBulletsInUltiExplosionUlti","8","","","","","","","","","","",""
"Bonnie1","CannonGirl","TRUE","","","OverrideNumBulletsInBasicAttack","3","","","","","","","","","","",""
"Bonnie2","CannonGirl","TRUE","","","OverrideSpreadBasicAttack","150","","","","","","","","","","",""
"Bonnie3","CannonGirlSmall","TRUE","","","TriggerStunWithCharge","10","","","","","","","","","","",""
"Carl2","Whirlwind","","","","IncreaseSpeedWhileSkillActive","1000","","","","WhirlwindUlti","","","","","","",""
"Emz1","Mummy","TRUE","","","OverridePushBack","50","","","","","","","","","","",""
"Stu1","Roller","TRUE","","","TriggerAreaEffectWhenUlti","","","RollerMutationArea","","","","","","","","",""
"8bit1","Arcade","TRUE","","","OverrideMaxSpawns","6","","","","","","","","","","",""
"8bit2","Arcade","","","","OverrideUltiCharge","170","","","","","","","","","","",""
"8bit3","Arcade","TRUE","","","AddExtraHealthToSummonedMinions","2000","","","","","","","","","","",""
"Gene1","HookDude","","","","OverrideUltiCharge","120","","","","","","","","","","",""
"Gene2","HookDude","TRUE","","","AddUltiSteerStrength","20","","","","","","","","","","",""
"Gene3","HookDude","TRUE","","","OverrideUltiSteerIgnoreTicks","5","","","","","","","","","","",""
"Gene4","HookDude","TRUE","","","OverrideUltiHomeDistance","20","","","","","","","","","","",""
"Gene5","HookDude","TRUE","","","OverrideUltiSteerLifeTime","15","","","","","","","","","","",""
"Gene6","HookDude","TRUE","","","OverrideUltiTravelType","4","","","","","","","","","","",""
"Berry1","Painter","TRUE","","","SpawnAreaEffectWhileMoving","20","","PainterAreaEffectMutant","","","","","","","","",""
"Charlie1","Cocooner","TRUE","","","SpawnCharacterWhileMoving","40","","","CocoonerPet","","","","","","","",""
"Bull1","BullDude","TRUE","","","AddChargeUltiAutomaticallyPerSecond","500","","","","","","","","","","",""
"Jessie1","Mechanic","TRUE","","","OverrideRapidFireAttackPatternForPets","20","","","","","","","","","","",""
"Jessie2","Mechanic","TRUE","","","AddExtraHealthToSummonedMinions","2000","","","","","","","","","","",""
"Jessie3","Mechanic","","","","AddExtraScaleToPets","100","","","","","","","","","","",""
"Finx1","Chronomancer","TRUE","","","AddAreaEffectThatFollows","","","ChronomancerUltiTimebend","","","","","","","","",""
"Kenji1","Samurai","TRUE","","","OverrideBasicAttackRechargeTime","100","","","","","","","","","","",""
"Juju1","Voodoo","TRUE","","","AddExtraHealthToSummonedMinions","5000","","","","","","","","","","",""
"Juju2","Voodoo","","","","AddExtraScaleToPets","140","","","","","","","","","","",""
"Lily1","Ambusher","TRUE","","","OverrideMaxDistanceAddBouncesUlti","8","","","","","","","","","","",""
"Lily2","Ambusher","TRUE","","","OverrideDistanceAddFromBounceUlti","5000","","","","","","","","","","",""
"Lily3","Ambusher","","","","OverrideIsBouncing","1","","","","","","","","","","",""
"Lily4","Ambusher","","","","OverrideUltiCastingRange","50","","","","","","","","","","",""
"Barley1","Barkeep","TRUE","","","OverrideChainAreaEffectBasicAttack","","","BarleyMutationAreaEffect","","","","","","","","",""
"Leon1","Ninja","TRUE","","","SpawnCharacterOnUlti","2","","","NinjaMutation","","","","","","","",""
"Leon2","Ninja","TRUE","","","OverrideMaxSpawns","6","","","","","","","","","","",""
"Leon3","Ninja","TRUE","","","OverrideSpawnCharacterRandomDist","600","","","","","","","","","","",""
"Leon4","Ninja","","","","OverrideUltiCharge","125","","","","","","","","","","",""
"Leon5","Ninja","TRUE","","","OverrideUltiSkillTargetSelf","","","","","","","","","","","",""
"Tara1","BlackHole","TRUE","","","SpawnCharacterOnUlti","3","","","BlackHolePet","","","","","","","",""
"Tara2","BlackHole","TRUE","","","OverrideMaxSpawns","10","","","","","","","","","","",""
"Tara3","BlackHole","TRUE","","","OverrideSpawnCharacterRandomDist","600","","","","","","","","","","",""
"Tara4","BlackHole","","","","OverrideUltiCharge","100","","","","","","","","","","",""
"Gus1","SoulCollector","","","","OverrideChargeUpMax","1","","","","","","","","","","",""
"Gus2","SoulCollector","","","","OverrideChargeUp","1","","","","","","","","","","",""
"Gus3","SoulCollector","TRUE","","","IgnoreChargeReset","1","","","","","","","","","","",""
"Olli1","Skater","","","","OverrideAreaEffectStatusEffectEnemy","","","SkaterUltiTaunt","","","SkaterMutantTaunt","","","","","",""
"Olli2","Skater","TRUE","","","IncreaseMaxHp","20","","","","","","","","","","",""
"MrP1","SpawnerDude","","","","OverrideSpawnAreaEffect1BasicAttack","","","MrpMutationArea","","","","","","","","",""
"Draco1","DragonRider","","","","OverrideMountUpDurationTicks","-1","","","","","","","","","","",""
"Amber1","FireDude","TRUE","","","OverrideSpreadBasicAttack","20","","","","","","","","","","",""
"Amber2","FireDude","TRUE","","","OverrideNumBulletsInBasicAttack","2","","","","","","","","","","",""
"Amber3","FireDude","TRUE","","","SpawnAreaEffectWhileMoving","10","","PetrolDistributionTrail","","","","","","","","",""
"Byron1","SnakeOil","TRUE","","","OverrideSpreadBasicAttack","60","","","","","","","","","","",""
"Byron2","SnakeOil","TRUE","","","OverrideNumBulletsInBasicAttack","3","","","","","","","","","","",""
"Edgar1","Enrager","","","","OverrideChargeSpeed","4000","","","","","","","","","","",""
"Edgar2","Enrager","","","","OverrideUltiCastingRange","50","","","","","","","","","","",""
"Fang1","KickerDude","","","","OverrideChainChargeRange","60","","","","","","","","","","",""
"Fang2","KickerDude","","","","OverrideUltiCharge","110","","","","","","","","","","",""
"Fang3","KickerDude","TRUE","","","IncreaseMaxHp","15","","","","","","","","","","",""
"Meeple1","Meeple","TRUE","","","AddBasicAttackSteerStrength","10","","","","","","","","","","",""
"Meeple2","Meeple","TRUE","","","OverrideBasicAttackSteerIgnoreTicks","8","","","","","","","","","","",""
"Meeple3","Meeple","TRUE","","","OverrideBasicAttackHomeDistance","40","","","","","","","","","","",""
"Meeple4","Meeple","TRUE","","","OverrideBasicAttackSteerLifeTime","15","","","","","","","","","","",""
"Meeple5","Meeple","TRUE","","","OverrideNumBulletsInBasicAttack","3","","","","","","","","","","",""
"Meeple6","Meeple","TRUE","","","OverrideSpreadBasicAttack","250","","","","","","","","","","",""
"Meeple7","Meeple","","","","OverrideBasicAttackCastingRange","25","","","","","","","","","","",""
"Colette1","Percenter","TRUE","","","SpawnAreaEffectWhileCharging","5","","PercenterAreaEffectMutant","","","","","","","","",""
"Colette2","Percenter","TRUE","","","BulletExplosionAlignBrawlerFacing","","","","","","","","","","","",""
"Shade1","Ghost","TRUE","","","ApplyStatusEffectWhenDeadCenter","","","","","","MutantGhostIncorporeal","","","","","",""
"Shade2","Ghost","","","","OverrideUltiCharge","120","","","","","","","","","","",""
"Surge1","PowerLeveler","TRUE","","","OverrideLvlUpValue","3","","","","","","","","","","",""
"Surge2","PowerLeveler","TRUE","","","OverrideBasicAttackRechargeTime","500","","","","","","","","","","",""
"Jae1","Alternator","TRUE","","","SpawnAreaEffectWhileMoving","8","","AlternatorProjectileSpeedTrail","","","","","","","","",""
"Jae2","Alternator","","","","OverrideUltiCharge","300","","","","","","","","","","",""
"Mortis1","Undertaker","TRUE","","","ShootProjectileIfChargeUpReadyOnBasicAttack","1500","UndertakerUltiProjectile","","","","","","","","","",""
"Moe1","Digger","TRUE","","","OverrideTransformTicks","500","","","","","","","","","","",""
"Moe1_Transform","DiggerDrill","TRUE","","","OverrideTransformTicks","500","","","","","","","","","","",""
"Moe2","Digger","","","","OverrideChargeSpeed","4500","","","","","","","","","","",""
"Maisie1","Maisie","TRUE","","","AddBasicAttackSteerStrength","10","","","","","","","","","","",""
"Maisie2","Maisie","TRUE","","","OverrideBasicAttackSteerIgnoreTicks","8","","","","","","","","","","",""
"Maisie3","Maisie","TRUE","","","OverrideBasicAttackHomeDistance","40","","","","","","","","","","",""
"Maisie4","Maisie","TRUE","","","OverrideBasicAttackSteerLifeTime","15","","","","","","","","","","",""
"Maisie5","Maisie","TRUE","","","OverrideBasicAttackTravelType","4","","","","","","","","","","",""
"Maisie6","Maisie","TRUE","","","OverrideMsBetweenBasicAttacks","300","","","","","","","","","","",""
"Maisie7","Maisie","TRUE","","","OverrideActiveTimeBasicAttack","600","","","","","","","","","","",""
"Pearl1","Cooker","","","","OverrideChargeUp","12000","","","","","","","","","","",""
"Pearl2","Cooker","TRUE","","","IgnoreChargeReset","1","","","","","","","","","","",""
"Pearl3","Cooker","TRUE","","","PreventLosingCharge","1","","","","","","","","","","",""
"Penny4","ArtilleryDude","TRUE","","","OverrideSpawnCharacterRandomDist","350","","","","","","","","","","",""
"Tick3","ClusterBombDude","TRUE","","","OverrideSpawnCharacterRandomDist","480","","","","","","","","","","",""
"Angels1_1","","TRUE","","","AddChargeUltiAutomaticallyPerSecond","200","","","","","","","","","","",""
"Angels1_2","","TRUE","","","AddReloadSpeedBuffToPets","20","","","","","","","","","","",""
"Angels2_1","","TRUE","","","ChargeUltiByHealing","30","","","","","","","","","","",""
"Angels2_2","","TRUE","","","AddStatusEffectToProjectileForAllies","","AngelicProjectile","","","","AngelicHot","","","","","",""
"Angels3_1","","TRUE","","","ShootProjectileOnBasicAttack","","AngelicProjectile","","","","ShootProjectileOnBasicAttackCooldown","","","","","",""
"Angels4_1","","TRUE","","","ApplyStatusEffectWhenUsingUlti","","","","","","SpeedWhenUsingUltiAngels","","","","","",""
"Angels4_2","","TRUE","","","SpawnCharacterOnAreaEffect","","","AngelicAreaEffect","AngelicPet","","","","","","","",""
"Angels5_1","","TRUE","","","AddConsumabeShieldWhenDealinDmg","10","","","","","","","","","","",""
"Angels5_2","","TRUE","","","AddExtraHealthToSummonedMinions","2000","","","","","","","","","","",""
"Angels6_1","","TRUE","","","SpawnAreaEffectWhileMoving","100","","AngelicAreaEffect","","","","","","","","",""
"Angels7_1","","TRUE","","","TriggerAreaEffectWhenUlti","","","AngelicAreaEffect","","","SpeedWhenUsingUltiAngels","","","","","",""
"Angels8_1","","TRUE","","","AddReloadSpeedPercent","60","","","","","","","","","","",""
"Angels8_2","","TRUE","","","AddChainAreaEffectToAreaEffect","","","AngelicBulletAreaEffect","","","","","AngelicAreaEffect","","","",""
"Demons1_1","","TRUE","","","SetInvisibleOnKill","50","","","","","","","","","","",""
"Demons1_2","","TRUE","","","AddChainProjectileToProjectile","","DemonicProjectileBoomerang","","","","","DemonicProjectile","","","","",""
"Demons1_3","","TRUE","","","AddBoomerangToProjectile","1","DemonicProjectile","","","","","","","","","",""
"Demons2_1","","TRUE","","","ApplyStatusEffectToAlliesAllTime","","","","","","InvokDemonicPetAfterDying","","","","","",""
"Demons2_2","","TRUE","","","AddChainAreaEffectToProjectile","","DemonicProjectile","DemonicAreaEffect","","","","","","","","",""
"Demons3_1","","TRUE","","","ChargeUltiWhenReceivingDmg","20","","","","","","","","","","",""
"Demons3_2","","TRUE","","","AddDeathAreaEffectToPets","","","DemonicAreaEffect","","","","","","","","",""
"Demons4_1","","TRUE","","","ShootProjectileOnBasicAttack","","DemonicProjectile","","","","ShootProjectileOnBasicAttackCooldown","","","","","",""
"Demons5_1","","TRUE","","","TriggerAreaEffectWhenUlti","","","DemonicBulletAreaEffect","","","","","","","","",""
"Demons6_1","","","","","BoostUltiCharge","20","","","","","","","","","","",""
"Demons6_2","","TRUE","","","AddExtraHealthToSummonedMinions","2000","","","","","","","","","","",""
"Demons7_1","","TRUE","","","SpawnAreaEffectOnKillX","","","DemonicAreaEffect","","","InvokDemonicPetAfterDying","","","","","",""
"Demons8_1","","TRUE","","","SpawnCharacterOnKill","1","","","DemonicPet","","","","","","","",""
"Demons8_2","","TRUE","","","AddChainAreaEffectToAreaEffect","","","DemonicAreaEffectFire","","","","","DemonicAreaEffect","","","",""
"DuplicatorPet1","","TRUE","TRUE","","PetTooClose","3","","","","","DuplicatorPetTooCloseCripple","","","","","",""
"StalkerSkillRange","","","TRUE","","CastingRangeMultByMoveSpeed","250","","","","","","","","","","",""
"ColtSpeedSp","","","TRUE","TRUE","IncreaseSpeedPercent","13","","","","","","","","","","",""
"R_MaxHp_S","","TRUE","","TRUE","IncreaseMaxHp","20","","","","","","","","","","",""
"R_MaxHp_E","","TRUE","","TRUE","IncreaseMaxHp","30","","","","","","","","","","",""
"R_MaxHp_L","","TRUE","","TRUE","IncreaseMaxHp","50","","","","","","","","","","",""
"R_MaxHp_Absolute_S","","TRUE","","TRUE","IncreaseMaxHpAbsolute","1000","","","","","","","","","","",""
"R_MaxHp_Absolute_E","","TRUE","","TRUE","IncreaseMaxHpAbsolute","1500","","","","","","","","","","",""
"R_MaxHp_Absolute_L","","TRUE","","TRUE","IncreaseMaxHpAbsolute","2500","","","","","","","","","","",""
"R_MaxHp_Absolute_ULTRA","","TRUE","","TRUE","IncreaseMaxHpAbsolute","10000","","","","","","","","","","",""
"R_MaxHp_Absolute_Mini_S","","TRUE","","TRUE","IncreaseMaxHpAbsolute","500","","","","","","","","","","",""
"R_MaxHp_Absolute_Mini_E","","TRUE","","TRUE","IncreaseMaxHpAbsolute","1000","","","","","","","","","","",""
"R_MaxHp_Absolute_Mini_L","","TRUE","","TRUE","IncreaseMaxHpAbsolute","2000","","","","","","","","","","",""
"R_Reload_S","","TRUE","","TRUE","AddReloadSpeedPercent","20","","","","","","","","","","",""
"R_Reload_E","","TRUE","","TRUE","AddReloadSpeedPercent","30","","","","","","","","","","",""
"R_Reload_L","","TRUE","","TRUE","AddReloadSpeedPercent","50","","","","","","","","","","",""
"R_Reload_Mini_S","","TRUE","","TRUE","AddReloadSpeedPercent","10","","","","","","","","","","",""
"R_Reload_Mini_E","","TRUE","","TRUE","AddReloadSpeedPercent","20","","","","","","","","","","",""
"R_Reload_Mini_L","","TRUE","","TRUE","AddReloadSpeedPercent","40","","","","","","","","","","",""
"R_MoveSpeed_S","","","","TRUE","IncreaseSpeedPercent","10","","","","","","","","","","",""
"R_MoveSpeed_E","","","","TRUE","IncreaseSpeedPercent","20","","","","","","","","","","",""
"R_MoveSpeed_L","","","","TRUE","IncreaseSpeedPercent","30","","","","","","","","","","",""
"R_MoveSpeed_Max_L","","","","TRUE","IncreaseSpeedPercent","50","","","","","","","","","","",""
"R_MoveSpeed_WithPet_S","","","","TRUE","IncreasePetSpeedPercent","10","","","","","","","","","","",""
"R_MoveSpeed_WithPet_E","","","","TRUE","IncreasePetSpeedPercent","20","","","","","","","","","","",""
"R_MoveSpeed_WithPet_L","","","","TRUE","IncreasePetSpeedPercent","30","","","","","","","","","","",""
"R_MoveSpeed_Mini_S","","","","TRUE","IncreaseSpeedPercent","15","","","","","","","","","","",""
"R_MoveSpeed_Mini_E","","","","TRUE","IncreaseSpeedPercent","20","","","","","","","","","","",""
"R_MoveSpeed_Mini_L","","","","TRUE","IncreaseSpeedPercent","25","","","","","","","","","","",""
"R_Damage_S","","TRUE","","TRUE","AddDamagePercent","15","","","","","","","","","","",""
"R_Damage_E","","TRUE","","TRUE","AddDamagePercent","25","","","","","","","","","","",""
"R_Damage_L","","TRUE","","TRUE","AddDamagePercent","35","","","","","","","","","","",""
"R_Damage_ULTRA","","TRUE","","TRUE","AddDamagePercent","100","","","","","","","","","","",""
"R_Damage_Mini_S","","TRUE","","TRUE","AddDamagePercent","10","","","","","","","","","","",""
"R_Damage_Mini_E","","TRUE","","TRUE","AddDamagePercent","20","","","","","","","","","","",""
"R_Damage_Mini_L","","TRUE","","TRUE","AddDamagePercent","30","","","","","","","","","","",""
"R_SuperRate_S","","","","TRUE","AddUltiOnlyChargePercent","30","","","","","","","","","","",""
"R_SuperRate_E","","","","TRUE","AddUltiOnlyChargePercent","60","","","","","","","","","","",""
"R_SuperRate_L","","","","TRUE","AddUltiOnlyChargePercent","100","","","","","","","","","","",""
"R_HCRate_S","","","","TRUE","AddHCOnlyChargePercent","30","","","","","","","","","","",""
"R_HCRate_E","","","","TRUE","AddHCOnlyChargePercent","60","","","","","","","","","","",""
"R_HCRate_L","","","","TRUE","AddHCOnlyChargePercent","100","","","","","","","","","","",""
"R_SuperRate_Mini_S","","","","TRUE","AddUltiOnlyChargePercent","25","","","","","","","","","","",""
"R_SuperRate_Mini_E","","","","TRUE","AddUltiOnlyChargePercent","50","","","","","","","","","","",""
"R_SuperRate_Mini_L","","","","TRUE","AddUltiOnlyChargePercent","75","","","","","","","","","","",""
"R_HCRate_Mini_S","","","","TRUE","AddHCOnlyChargePercent","25","","","","","","","","","","",""
"R_HCRate_Mini_E","","","","TRUE","AddHCOnlyChargePercent","50","","","","","","","","","","",""
"R_HCRate_Mini_L","","","","TRUE","AddHCOnlyChargePercent","75","","","","","","","","","","",""
"R_AttackRange_E","","","","TRUE","AddCastingRange","1","","","","","","","","","","",""
"R_AttackRange_L","","","","TRUE","AddCastingRange","2","","","","","","","","","","",""
"R_AttackRange_ULTRA","","","","TRUE","AddCastingRange","2","","","","","","","","","","",""
"R_AttackRange_Max_L","","","","TRUE","AddCastingRange","3","","","","","","","","","","",""
"R_AttackRange_Mini_L","","","","TRUE","AddCastingRange","1","","","","","","","","","","",""
"R_AttackRange_Cone_E_1","","","","TRUE","AddCastingRange","1","","","","","","","","","","",""
"R_AttackRange_Cone_E_2","","","","TRUE","AddSpreadBasicAttackPercent","-15","","","","","","","","","","",""
"R_AttackRange_Cone_E_3","","TRUE","","TRUE","AddSpreadUltiAttackPercent","-15","","","","","","","","","","",""
"R_AttackRange_Cone_L_1","","","","TRUE","AddCastingRange","2","","","","","","","","","","",""
"R_AttackRange_Cone_L_2","","","","TRUE","AddSpreadBasicAttackPercent","-35","","","","","","","","","","",""
"R_AttackRange_Cone_L_3","","TRUE","","TRUE","AddSpreadUltiAttackPercent","-35","","","","","","","","","","",""
"R_AttackRange_Cone_Mini_L_1","","","","TRUE","AddCastingRange","1","","","","","","","","","","",""
"R_AttackRange_Cone_Mini_L_2","","","","TRUE","AddSpreadBasicAttackPercent","-40","","","","","","","","","","",""
"R_AttackRange_Cone_Mini_L_3","","TRUE","","TRUE","AddSpreadUltiAttackPercent","-40","","","","","","","","","","",""
"R_ProjectileSpeed_S","","TRUE","","TRUE","AddProjectileSpeedPercent","15","","","","","","","","","","",""
"R_ProjectileSpeed_E","","TRUE","","TRUE","AddProjectileSpeedPercent","25","","","","","","","","","","",""
"R_ProjectileSpeed_L","","TRUE","","TRUE","AddProjectileSpeedPercent","35","","","","","","","","","","",""
"R_ProjectileSpeed_Max_S","","TRUE","","TRUE","AddProjectileSpeedPercent","20","","","","","","","","","","",""
"R_ProjectileSpeed_Max_E","","TRUE","","TRUE","AddProjectileSpeedPercent","35","","","","","","","","","","",""
"R_ProjectileSpeed_Max_L","","TRUE","","TRUE","AddProjectileSpeedPercent","50","","","","","","","","","","",""
"R_GadgetCooldown_S","","","","TRUE","DecreaseGadgetCooldownPercent","10","","","","","","","","","","",""
"R_GadgetCooldown_E","","","","TRUE","DecreaseGadgetCooldownPercent","30","","","","","","","","","","",""
"R_GadgetCooldown_L","","","","TRUE","DecreaseGadgetCooldownPercent","60","","","","","","","","","","",""
"R_GadgetCooldown_Mini_S","","","","TRUE","DecreaseGadgetCooldownPercent","15","","","","","","","","","","",""
"R_GadgetCooldown_Mini_E","","","","TRUE","DecreaseGadgetCooldownPercent","25","","","","","","","","","","",""
"R_GadgetCooldown_Mini_L","","","","TRUE","DecreaseGadgetCooldownPercent","50","","","","","","","","","","",""
"R_BulletSize_S","","","","TRUE","AddBulletSizePercent","20","","","","","","","","","","",""
"R_BulletSize_E","","","","TRUE","AddBulletSizePercent","35","","","","","","","","","","",""
"R_BulletSize_L","","","","TRUE","AddBulletSizePercent","50","","","","","","","","","","",""
"R_BulletSize_ULTRA","","","","TRUE","AddBulletSizePercent","150","","","","","","","","","","",""
"R_BulletSize_Mini_S","","","","TRUE","AddBulletSizePercent","15","","","","","","","","","","",""
"R_BulletSize_Mini_E","","","","TRUE","AddBulletSizePercent","25","","","","","","","","","","",""
"R_BulletSize_Mini_L","","","","TRUE","AddBulletSizePercent","40","","","","","","","","","","",""
"R_BulletSizeArea_Mini_WithItem_S","","","","TRUE","AddAreaEffectPercent","5","","","","","","","","","","",""
"R_BulletSizeArea_Mini_WithItem_E","","","","TRUE","AddAreaEffectPercent","10","","","","","","","","","","",""
"R_BulletSizeArea_Mini_WithItem_L","","","","TRUE","AddAreaEffectPercent","15","","","","","","","","","","",""
"R_AreaEffectSize_S","","","","TRUE","AddAreaEffectPercent","20","","","","","","","","","","",""
"R_AreaEffectSize_E","","","","TRUE","AddAreaEffectPercent","30","","","","","","","","","","",""
"R_AreaEffectSize_L","","","","TRUE","AddAreaEffectPercent","50","","","","","","","","","","",""
"R_AreaEffectSize_ULTRA","","","","TRUE","AddAreaEffectPercent","100","","","","","","","","","","",""
"R_AreaEffectSize_Mini_S","","","","TRUE","AddAreaEffectPercent","10","","","","","","","","","","",""
"R_AreaEffectSize_Mini_E","","","","TRUE","AddAreaEffectPercent","20","","","","","","","","","","",""
"R_AreaEffectSize_Mini_L","","","","TRUE","AddAreaEffectPercent","35","","","","","","","","","","",""
"R_AreaEffectSize_Melee_S","","","","TRUE","AddAreaEffectPercent","15","","","","","","","","","","",""
"R_AreaEffectSize_Melee_E","","","","TRUE","AddAreaEffectPercent","20","","","","","","","","","","",""
"R_AreaEffectSize_Melee_L","","","","TRUE","AddAreaEffectPercent","25","","","","","","","","","","",""
"R_AreaEffect_BulletSize_S_1","","","","TRUE","AddBulletSizePercent","15","","","","","","","","","","",""
"R_AreaEffect_BulletSize_S_2","","","","TRUE","AddAreaEffectPercent","10","","","","","","","","","","",""
"R_AreaEffect_BulletSize_E_1","","","","TRUE","AddBulletSizePercent","25","","","","","","","","","","",""
"R_AreaEffect_BulletSize_E_2","","","","TRUE","AddAreaEffectPercent","20","","","","","","","","","","",""
"R_AreaEffect_BulletSize_L_1","","","","TRUE","AddBulletSizePercent","35","","","","","","","","","","",""
"R_AreaEffect_BulletSize_L_2","","","","TRUE","AddAreaEffectPercent","30","","","","","","","","","","",""
"R_BulletSizeThrower_S","","","","TRUE","AddBulletSizePercent","15","","","","","","","","","","",""
"R_BulletSizeThrower_E","","","","TRUE","AddBulletSizePercent","25","","","","","","","","","","",""
"R_BulletSizeThrower_L","","","","TRUE","AddBulletSizePercent","40","","","","","","","","","","",""
"R_AreaEffectSizeThrower_S","","","","TRUE","AddAreaEffectPercent","15","","","","","","","","","","",""
"R_AreaEffectSizeThrower_E","","","","TRUE","AddAreaEffectPercent","25","","","","","","","","","","",""
"R_AreaEffectSizeThrower_L","","","","TRUE","AddAreaEffectPercent","35","","","","","","","","","","",""
"R_BulletSizeThrower_Mini_S","","","","TRUE","AddBulletSizePercent","10","","","","","","","","","","",""
"R_BulletSizeThrower_Mini_E","","","","TRUE","AddBulletSizePercent","20","","","","","","","","","","",""
"R_BulletSizeThrower_Mini_L","","","","TRUE","AddBulletSizePercent","30","","","","","","","","","","",""
"R_AreaEffectSizeThrower_Mini_S","","","","TRUE","AddAreaEffectPercent","10","","","","","","","","","","",""
"R_AreaEffectSizeThrower_Mini_E","","","","TRUE","AddAreaEffectPercent","20","","","","","","","","","","",""
"R_AreaEffectSizeThrower_Mini_L","","","","TRUE","AddAreaEffectPercent","30","","","","","","","","","","",""
"R_DamageReduction_S","","TRUE","","TRUE","DamageReductionPercent","15","","","","","","","","","","",""
"R_DamageReduction_E","","TRUE","","TRUE","DamageReductionPercent","25","","","","","","","","","","",""
"R_DamageReduction_L","","TRUE","","TRUE","DamageReductionPercent","30","","","","","","","","","","",""
"R_DamageReduction_Max_L","","TRUE","","TRUE","DamageReductionPercent","40","","","","","","","","","","",""
"R_DamageReduction_Effect_E","","TRUE","","","TriggerFollowAreaEffectWhenReceivingDmg_1","","","RoguelikeShieldAreaEffect_E","","","","","","","","",""
"R_DamageReduction_Effect_L","","TRUE","","","TriggerFollowAreaEffectWhenReceivingDmg_2","","","RoguelikeShieldAreaEffect_L","","","","","","","","",""
"R_DamageReduction_Mini_S","","TRUE","","TRUE","DamageReductionPercent","10","","","","","","","","","","",""
"R_DamageReduction_Mini_E","","TRUE","","TRUE","DamageReductionPercent","15","","","","","","","","","","",""
"R_DamageReduction_Mini_L","","TRUE","","TRUE","DamageReductionPercent","20","","","","","","","","","","",""
"R_LifeSteal_S","","TRUE","","TRUE","LifeStealFromDamagePercent","15","","","","","","","","","","",""
"R_LifeSteal_E","","TRUE","","TRUE","LifeStealFromDamagePercent","20","","","","","","","","","","",""
"R_LifeSteal_L","","TRUE","","TRUE","LifeStealFromDamagePercent","35","","","","","","","","","","",""
"R_LifeSteal_Mini_S","","TRUE","","TRUE","LifeStealFromDamagePercent","10","","","","","","","","","","",""
"R_LifeSteal_Mini_E","","TRUE","","TRUE","LifeStealFromDamagePercent","15","","","","","","","","","","",""
"R_LifeSteal_Mini_L","","TRUE","","TRUE","LifeStealFromDamagePercent","25","","","","","","","","","","",""
"R_LifeSteal_Pet_S","","TRUE","","TRUE","LifeStealFromDamagePercent","15","","","","","","","","","","",""
"R_LifeSteal_Pet_E","","TRUE","","TRUE","LifeStealFromDamagePercent","20","","","","","","","","","","",""
"R_LifeSteal_Pet_L","","TRUE","","TRUE","LifeStealFromDamagePercent","30","","","","","","","","","","",""
"R_RegenFaster","","TRUE","","","AddRegenSpeed","80","","","","","","","","","","",""
"R_ConsShield_Mini","","TRUE","","","AddConsumabeShieldWhenDealinDmg","35","","","","","","","","","","",""
"R_ConsShield","","TRUE","","","AddConsumabeShieldWhenDealinDmg","40","","","","","","","","","","",""
"R_SpawnBushOnMove","","TRUE","","","SpawnAreaEffectWhileMoving","5","","TankBushGrowArea","","","","","","","","",""
"R_SpawnBushOnAttack_L","","TRUE","","","TriggerAreaEffectOnBasicAttack","","","TankBushGrowAreaLarge","","","","","","","","",""
"R_HealOnKill","","TRUE","","","SpawnAreaEffectSelfOnKill","2000","","OnKillHealArea","","","","","","","","",""
"R_InvisibleOnKill","","TRUE","","","SetInvisibleOnKill","60","","","","","","","","","","",""
"R_PowerCubeOnUlti","","TRUE","","","DropPowercubeOnUlti","5","","","","","","","","","","",""
"R_HealOnMove","","TRUE","","","SpawnAreaEffectWhileMoving","8","","HealOnMove","","","","","","","","",""
"R_SpeedUpOnAtk","","TRUE","","","TriggerAreaEffectOnBasicAttack","","","OnHitSpeedyUpArea","","","","","","","","",""
"R_SpeedUpOnSuper","","TRUE","","","TriggerAreaEffectWhenUlti","","","OnHitSpeedyUpArea","","","","","","","","",""
"R_KnockbackOnTakeDmg","","TRUE","","","TriggerAreaEffectWhenReceivingDmg","1","","KnockBackReceivingDmg","","","","","","","","",""
"R_SeeThroghtBushOnSuper","","TRUE","","","TriggerAreaEffectWhenUlti","","","ControllerVisionArea","","","","","","","","",""
"R_SlowDownOnHit","","TRUE","","","AddStatusEffectToEnermyOnHit_1","","","","","","MarksmanHitSlowdown","","","","","",""
"R_PoisonOnHit_S","","TRUE","","","AddStatusEffectToEnermyOnHit_1","","","","","","MarksmanHitPoison_S","","","","","",""
"R_PoisonOnHit_E","","TRUE","","","AddStatusEffectToEnermyOnHit_2","","","","","","MarksmanHitPoison_E","","","","","",""
"R_PoisonOnHit_L","","TRUE","","","AddStatusEffectToEnermyOnHit_1","","","","","","MarksmanHitPoison_L","","","","","",""
"R_BurnOnHit_S","","TRUE","","","AddStatusEffectToEnermyOnHit_1","","","","","","RogueHitBurn_S","","","","","",""
"R_BurnOnHit_E","","TRUE","","","AddStatusEffectToEnermyOnHit_2","","","","","","RogueHitBurn_E","","","","","",""
"R_BurnOnHit_L","","TRUE","","","AddStatusEffectToEnermyOnHit_1","","","","","","RogueHitBurn_L","","","","","",""
"R_BurnOnHit_Hold_S","","TRUE","","","AddStatusEffectToEnermyOnHit_1","","","","","","RogueHitBurnHold_S","","","","","",""
"R_BurnOnHit_Hold_E","","TRUE","","","AddStatusEffectToEnermyOnHit_2","","","","","","RogueHitBurnHold_E","","","","","",""
"R_BurnOnHit_Hold_L","","TRUE","","","AddStatusEffectToEnermyOnHit_1","","","","","","RogueHitBurnHold_L","","","","","",""
"R_AutoChargeUlti_E","","TRUE","","TRUE","AddChargeUltiAutomaticallyPerSecond","100","","","","","","","","","","",""
"R_AutoChargeUlti_L","","TRUE","","TRUE","AddChargeUltiAutomaticallyPerSecond","144","","","","","","","","","","",""
"R_AutoChargeUlti_Max_L","","TRUE","","TRUE","AddChargeUltiAutomaticallyPerSecond","300","","","","","","","","","","",""
"R_AutoChargeUlti_Max_E","","TRUE","","TRUE","AddChargeUltiAutomaticallyPerSecond","500","","","","","","","","","","",""
"R_AutoChargeUlti_Sam_E","","TRUE","","TRUE","AddChargeUltiAutomaticallyPerSecond","1000","","","","","","","","","","",""
"R_HomeInOnAtk_1","","TRUE","","","AddBasicAttackSteerStrength","3","","","","","","","","","","",""
"R_HomeInOnAtk_2","","TRUE","","","OverrideBasicAttackSteerIgnoreTicks","5","","","","","","","","","","",""
"R_HomeInOnAtk_3","","TRUE","","","OverrideBasicAttackHomeDistance","5","","","","","","","","","","",""
"R_HomeInOnAtk_4","","TRUE","","","OverrideBasicAttackTravelType","4","","","","","","","","","","",""
"R_HomeInOnAtk_Max_1","","TRUE","","","AddBasicAttackSteerStrength","4","","","","","","","","","","",""
"R_HomeInOnUlti_1","","TRUE","","","AddUltiSteerStrength","3","","","","","","","","","","",""
"R_HomeInOnUlti_2","","TRUE","","","OverrideUltiSteerIgnoreTicks","5","","","","","","","","","","",""
"R_HomeInOnUlti_3","","TRUE","","","OverrideUltiHomeDistance","5","","","","","","","","","","",""
"R_HomeInOnUlti_4","","TRUE","","","OverrideUltiTravelType","4","","","","","","","","","","",""
"R_HomeInOnAtk_Melee_1","","TRUE","","","AddBasicAttackSteerStrength","6","","","","","","","","","","",""
"R_HomeInOnAtk_Melee_2","","TRUE","","","OverrideBasicAttackSteerIgnoreTicks","0","","","","","","","","","","",""
"R_HomeInOnAtk_Melee_3","","TRUE","","","OverrideBasicAttackHomeDistance","5","","","","","","","","","","",""
"R_HomeInOnAtk_Melee_4","","TRUE","","","OverrideBasicAttackTravelType","4","","","","","","","","","","",""
"R_DestroyEnvironment","","TRUE","","","OverridePierceEnvironment","1","","","","","","","","","","",""
"R_PassEnvironment","","","","","OverridePassEnvironment","1","","","","","","","","","","",""
"R_PierceCharacter","","TRUE","","","OverridePiercesCharacters","1","","","","","","","","","","",""
"R_HealBuff_S","","TRUE","","TRUE","HealingBuff","40","","","","","","","","","","",""
"R_HealBuff_E","","TRUE","","TRUE","HealingBuff","60","","","","","","","","","","",""
"R_HealBuff_L","","TRUE","","TRUE","HealingBuff","100","","","","","","","","","","",""
"R_HealBuff_Mini_S","","TRUE","","TRUE","HealingBuff","30","","","","","","","","","","",""
"R_HealBuff_Mini_E","","TRUE","","TRUE","HealingBuff","50","","","","","","","","","","",""
"R_HealBuff_Mini_L","","TRUE","","TRUE","HealingBuff","90","","","","","","","","","","",""
"R_VisionInBush_S","","","","TRUE","AddVisionInBush","1","","","","","","","","","","",""
"R_VisionInBush_E","","","","TRUE","AddVisionInBush","2","","","","","","","","","","",""
"R_VisionInBush_L","","","","TRUE","AddVisionInBush","3","","","","","","","","","","",""
"R_MoveSpeedInBush_S","","TRUE","","TRUE","IncreaseSpeedInBushPercent","15","","","","","","","","","","",""
"R_MoveSpeedInBush_E","","TRUE","","TRUE","IncreaseSpeedInBushPercent","30","","","","","","","","","","",""
"R_MoveSpeedInBush_Mini_E","","TRUE","","TRUE","IncreaseSpeedInBushPercent","15","","","","","","","","","","",""
"R_PowerCubeOnKill","","TRUE","","","DropPowercubeOnKill","1","","","","","","","","","","",""
"R_SpeedUpOnGadget_S","","","","","TriggerAreaEffectOnGadget","","","OnGadgetSpeedyUpArea","","","","","","","","",""
"R_PowerCubeEffective_E","","TRUE","","","PowerCubeMoreEffective","25","","","","","","","","","","",""
"R_PowerCubeEffective_L","","TRUE","","","PowerCubeMoreEffective","50","","","","","","","","","","",""
"R_PowerCubeDouble_L","","TRUE","","","PowerCubeDouble","","","","","","","","","","","",""
"R_PowerCubeOnStart_S","","TRUE","","","StartWithPowerCube_S","1","","","","","","","","","","",""
"R_PowerCubeOnStart_E","","TRUE","","","StartWithPowerCube_E","2","","","","","","","","","","",""
"R_PowerCubeOnStart_L","","TRUE","","","StartWithPowerCube_L","3","","","","","","","","","","",""
"R_PowerCubeOnKillDouble_L","","TRUE","","","MultiplyPowerCubeOnKill","2","","","","","","","","","","",""
"R_HighHealthDamage_L","","TRUE","","TRUE","AddHighHealthDamage","50","","","","","","","","","","",""
"R_LowHealthDamage_L","","TRUE","","TRUE","AddLowHealthDamage","50","","","","","","","","","","",""
"R_LowHealthDamage_Mini_L","","TRUE","","TRUE","AddLowHealthDamage","35","","","","","","","","","","",""
"R_LowHealthDamage_E","","TRUE","","TRUE","AddLowHealthDamage","20","","","","","","","","","","",""
"R_ChargeSuperOnStart_S","","TRUE","","","InstantChargeSuperPercent","50","","","","","","","","","","",""
"R_ChargeSuperOnStart_E","","TRUE","","","InstantChargeSuperPercent","100","","","","","","","","","","",""
"R_ChargeHCOnStart_E","","TRUE","","","InstantChargeHCPercent","50","","","","","","","","","","",""
"R_ChargeHCOnStart_Mini_L","","TRUE","","","InstantChargeHCPercent","60","","","","","","","","","","",""
"R_ChargeHCOnStart_L","","TRUE","","","InstantChargeHCPercent","75","","","","","","","","","","",""
"R_FireBallAround_E","","TRUE","","","SpawnProjectileOnStartOrSelectPerk_1","3","RogueliteCirclingProjectileClose","","","","","","","","","",""
"R_FireBallAround_L","","TRUE","","","SpawnProjectileOnStartOrSelectPerk_2","5","RogueliteCirclingProjectileFar","","","","","","","","","",""
"R_DashSpeed_Mini_E","","TRUE","","TRUE","AddChargeSpeedPercentage","25","","","","","","","","","","",""
"R_DashSpeed_E","","TRUE","","TRUE","AddChargeSpeedPercentage","50","","","","","","","","","","",""
"R_DashSpeed_Mini_L","","TRUE","","TRUE","AddChargeSpeedPercentage","50","","","","","","","","","","",""
"R_PetMoveSpeed_S","","","","TRUE","IncreasePetSpeedPercent","30","","","","","","","","","","",""
"R_PetMoveSpeed_E","","","","TRUE","IncreasePetSpeedPercent","50","","","","","","","","","","",""
"R_PetMaxHP_S_1","","TRUE","","TRUE","AddExtraHealthToSummonedMinionsPercent","40","","","","","","","","","","",""
"R_PetMaxHP_S_2","","","","TRUE","AddExtraScaleToPets","18","","","","","","","","","","",""
"R_PetMaxHP_E_1","","TRUE","","TRUE","AddExtraHealthToSummonedMinionsPercent","60","","","","","","","","","","",""
"R_PetMaxHP_E_2","","","","TRUE","AddExtraScaleToPets","28","","","","","","","","","","",""
"R_PetMaxHP_L_1","","TRUE","","TRUE","AddExtraHealthToSummonedMinionsPercent","80","","","","","","","","","","",""
"R_PetMaxHP_L_2","","","","TRUE","AddExtraScaleToPets","50","","","","","","","","","","",""
"R_PetNumber_L_1","","TRUE","","TRUE","AddMaxSpawns","1","","","","","","","","","","",""
"R_PetNumber_L_2","","TRUE","","TRUE","AddNumSpawns","1","","","","","","","","","","",""
"R_ShootTwice_MainAtk_L_1","","TRUE","","","ActiveTimeBasicAttackAddPercent","400","","","","","","","","","","",""
"R_ShootTwice_MainAtk_L_2","","TRUE","","","MsBetweenBasicAttacksMultiply","4","","","","","","","","","","",""
"R_ShootTwice_Throw_L","","TRUE","","","ActiveTimeBasicAttackAddPercent","100","","","","","","","","","","",""
"R_TriggerSuper_MoreTimes_Pet_L_1","","","","","AddUltiUse","1","","","","","","","","","","",""
"R_TriggerSuper_MoreTimes_Pet_L_2","","TRUE","","","OverrideMaxSpawns","2","","","","","","","","","","",""
"R_TriggerSuper_MoreTimes_1_L","","","","","AddUltiUse","1","","","","","","","","","","",""
"R_Eve_TriggerSuper_MoreTimes_L_1","","","","","AddUltiUse","1","","","","","","","","","","",""
"R_Eve_TriggerSuper_MoreTimes_L_2","","TRUE","","","OverrideMaxSpawns","20","","","","","","","","","","",""
"R_Boomerang_L","","TRUE","","","OverrideBasicAttackIsBoomerang","1","","","","","","","","","","",""
"R_ChargeUpSpeed_L","","","","TRUE","AddHoldChargeUpTimePercent","100","","","","","","","","","","",""
"R_Spread_L","","","","","AddSpreadBasicAttackPercent","200","","","","","","","","","","",""
"R_DOT_E","","TRUE","","TRUE","AddStatusEffectTimePercentage","50","","","","","","","","","","",""
"R_DOT_L","","TRUE","","TRUE","AddStatusEffectTimePercentage","75","","","","","","","","","","",""
"R_Berry_L","","TRUE","","","TriggerAreaEffectWhenReceivingDmg","","","PainterAreaEffectMutant","","","","","","","","",""
"R_Lumi_L","","TRUE","","","IncreaseMaxHp","1","","","","","","","","","","",""
"R_Nita_L","","TRUE","","","IncreaseMaxHp","1","","","","","","","","","","",""
"R_Bull_L","","TRUE","","","IncreaseMaxHp","1","","","","","","","","","","",""
"R_Rico_Bounce_S_1","","","","TRUE","AddNormalDistanceAddFromBouncePercent","80","","","","","","","","","","",""
"R_Rico_Bounce_S_2","","","","TRUE","AddUltiDistanceAddFromBouncePercent","35","","","","","","","","","","",""
"R_Rico_Bounce_S_3","","TRUE","","","OverrideMaxDistanceAddBounces","6","","","","","","","","","","",""
"R_Rico_Bounce_S_4","","TRUE","","","OverrideMaxDistanceAddBouncesUlti","7","","","","","","","","","","",""
"R_Rico_Bounce_E_1","","","","TRUE","AddNormalDistanceAddFromBouncePercent","150","","","","","","","","","","",""
"R_Rico_Bounce_E_2","","","","TRUE","AddUltiDistanceAddFromBouncePercent","70","","","","","","","","","","",""
"R_Rico_Bounce_E_3","","TRUE","","","OverrideMaxDistanceAddBounces","6","","","","","","","","","","",""
"R_Rico_Bounce_E_4","","TRUE","","","OverrideMaxDistanceAddBouncesUlti","7","","","","","","","","","","",""
"R_Rico_Bounce_L_1","","","","TRUE","AddNormalDistanceAddFromBouncePercent","250","","","","","","","","","","",""
"R_Rico_Bounce_L_2","","","","TRUE","AddUltiDistanceAddFromBouncePercent","180","","","","","","","","","","",""
"R_Rico_Bounce_L_3","","TRUE","","","OverrideMaxDistanceAddBounces","6","","","","","","","","","","",""
"R_Rico_Bounce_L_4","","TRUE","","","OverrideMaxDistanceAddBouncesUlti","7","","","","","","","","","","",""
"R_Ruff_Bounce_S_1","","","","TRUE","AddNormalDistanceAddFromBouncePercent","50","","","","","","","","","","",""
"R_Ruff_Bounce_S_2","","TRUE","","","OverrideMaxDistanceAddBounces","4","","","","","","","","","","",""
"R_Ruff_Bounce_E_1","","","","TRUE","AddNormalDistanceAddFromBouncePercent","100","","","","","","","","","","",""
"R_Ruff_Bounce_E_2","","TRUE","","","OverrideMaxDistanceAddBounces","4","","","","","","","","","","",""
"R_Ruff_Bounce_L_1","","","","TRUE","AddNormalDistanceAddFromBouncePercent","250","","","","","","","","","","",""
"R_Ruff_Bounce_L_2","","TRUE","","","OverrideMaxDistanceAddBounces","4","","","","","","","","","","",""
"R_Gus_L_1","","","","","OverrideChargeUpMax","1","","","","","","","","","","",""
"R_Gus_L_2","","","","","OverrideChargeUp","1","","","","","","","","","","",""
"R_Gus_L_3","","TRUE","","","IgnoreChargeReset","1","","","","","","","","","","",""
"R_Brock_L","","TRUE","","","OverrideActiveTimeBasicAttack","300","","","","","","","","","","",""
"R_Mortis_Dash_E_1","","","","TRUE","AddCastingRange","1","","","","","","","","","","",""
"R_Mortis_Dash_E_2","","TRUE","","TRUE","AddChargeSpeedPercentage","50","","","","","","","","","","",""
"R_Mortis_Dash_L_1","","","","TRUE","AddCastingRange","2","","","","","","","","","","",""
"R_Mortis_Dash_L_2","","TRUE","","TRUE","AddChargeSpeedPercentage","100","","","","","","","","","","",""
"R_Tick_BulleNumber_E","","TRUE","","TRUE","AddBulletExplosionNumber","1","","","","","","","","","","",""
"R_Tick_BulleNumber_L","","TRUE","","TRUE","AddBulletExplosionNumber","2","","","","","","","","","","",""
"R_Shelly_L_1","","TRUE","","","OverrideNumBulletsInUlti","14","","","","","","","","","","",""
"R_Shelly_L_2","","","","","OverrideSpreadUlti","200","","","","","","","","","","",""
"R_Hank_L","","TRUE","","","TriggerAreaEffectWhenReceivingDmg","","","FishTankOnHitArea","","","","","","","","",""
"R_Primo_L","","TRUE","","","TriggerAreaEffectWhenReceivingDmg","","","LuchadorMeteorSpawnSmall","","","","","","","","",""
"R_Draco_Super_L","","","","","OverrideMountUpDurationTicks","-1","","","","","","","","","","",""
"R_Barley_Slow_L","","TRUE","","","SpawnAreaEffectWhileMoving","20","","BarkeepSlowPuddleSmall","","","","","","","","",""
"R_Carl_Reload_L","","TRUE","","TRUE","AddReloadSpeedPercent","75","","","","","","","","","","",""
"R_Emz_Area_L","","","","TRUE","AddAreaEffectPercent","35","","","","","","","","","","",""
"R_8Bit_Speed_L","","","","TRUE","IncreaseSpeedPercent","50","","","","","","","","","","",""
"R_Frank_HP_L","","TRUE","","TRUE","IncreaseMaxHp","50","","","","","","","","","","",""
"R_Angelo_Area_L","","","","TRUE","AddAreaEffectPercent","100","","","","","","","","","","",""
"R_Ash_PetNumber_L_1","","TRUE","","TRUE","AddMaxSpawns","1","","","","","","","","","","",""
"R_Ash_PetNumber_L_2","","TRUE","","TRUE","AddNumSpawns","10","","","","","","","","","","",""
"R_Eve_PetNumber_L_1","","TRUE","","TRUE","AddMaxSpawns","1","","","","","","","","","","",""
"R_Eve_PetNumber_L_2","","TRUE","","TRUE","AddNumSpawns","1","","","","","","","","","","",""
"R_Poco_Heal_L","","TRUE","","","TriggerAreaEffectWhenReceivingDmg","","","PocoRogueliteRegenArea","","","","","","","","",""
"R_Meeple_HomeInMore_L","","TRUE","","","AddBasicAttackSteerStrength","4","","","","","","","","","","",""
"R_Angelo_HoldTime_L","","","","","AddHoldChargeUpTimePercent","100","","","","","","","","","","",""
"R_Gale_MoreBullet_S","","","","TRUE","AddBasicAttackNumBullets","2","","","","","","","","","","",""
"R_Gale_MoreBullet_E_1","","","","TRUE","AddBasicAttackNumBullets","4","","","","","","","","","","",""
"R_Gale_MoreBullet_E_2","","","","TRUE","AddUltiAttackNumBullets","1","","","","","","","","","","",""
"R_Gale_MoreBullet_L_1","","","","TRUE","AddBasicAttackNumBullets","6","","","","","","","","","","",""
"R_Gale_MoreBullet_L_2","","","","TRUE","AddUltiAttackNumBullets","3","","","","","","","","","","",""
"R_Dynamike_Delay_L","","","","TRUE","ReduceTriggerWithDelayMs","60","","","","","","","","","","",""
"R_Olli_Bullet_L","","","","TRUE","AddBasicAttackNumBullets","3","","","","","","","","","","",""
"R_Olli_Spread_L","","","","TRUE","AddSpreadBasicAttackPercent","300","","","","","","","","","","",""
"R_Janet_ActiveTime_L","","","","TRUE","AddActiveTimeUltiAttackPercentage","60","","","","","","","","","","",""
"R_Buster_ActiveTime_L","","","","","AddActiveTimeUltiAttackPercentage","100","","","","","","","","","","",""
"R_Chuck_Super_E","","TRUE","","TRUE","AddChargeUltiAutomaticallyPerSecond","500","","","","","","","","","","",""
"R_Gene_SuperRange_L","","","","","OverrideUltiCastingRange","150","","","","","","","","","","",""
"R_Bea_Shield_L","","TRUE","","","AddOneHPShield","1","","OneHPShieldPushback","","","OneHPInvulnerability","","","","","",""
"R_Byron_StatusEffect_L","","TRUE","","TRUE","AddStatusEffectTimePercentage","50","","","","","","","","","","",""
"R_Spike_BulletMore_E","","TRUE","","","AddBulletExplosionNumber","1","","","","","","","","","","",""
"R_Spike_BulletMore_L","","TRUE","","","AddBulletExplosionNumber","2","","","","","","","","","","",""
"R_Sprout_GadgetCooldown_L","","","","","DecreaseGadgetCooldownPercent","80","","","","","","","","","","",""
"R_Charlie_Spider_L","","TRUE","","","SpawnCharacterWhileMoving","60","","","CocoonerPet","","","","","","","",""
"R_Bo_InfinateMine_L","","TRUE","","","OverrideNumMaxItems","99","","","","","","","","","","",""
"R_Codilus_MainAtk_L","","TRUE","","","ActiveTimeBasicAttackAddPercent","50","","","","","","","","","","",""
"R_Shade_SuperLastTime_L","","","","","AddActiveTimeUltiAttackPercentage","100","","","","","","","","","","",""
"R_Melodie_Notes_L","","TRUE","","TRUE","AddChainBulletsMaxProjectile","2","","","","","","","","","","",""
"R_Buzz_SuperRange_L_1","","","","","OverrideUltiCastingRange","60","","","","","","","","","","",""
"R_Buzz_SuperRange_L_2","","TRUE","","","AddProjectileSpeedPercent","60","","","","","","","","","","",""
"R_Bo_MainAtkMore_L","","TRUE","","","ActiveTimeBasicAttackAddPercent","30","","","","","","","","","","",""
"R_Squeak_SpawnAreaE_L","","TRUE","","","TriggerAreaEffectWhenUlti","","","RogueliteLCardSqueak","","","","","","","","",""
"R_Colt_MoreBullet_L","","TRUE","","","ActiveTimeBasicAttackAddPercent","45","","","","","","","","","","",""
"R_Nani_Bullets_L_1","","","","TRUE","AddBasicAttackNumBullets","2","","","","","","","","","","",""
"R_Nani_Bullets_L_2","","","","TRUE","AddSpreadBasicAttackPercent","80","","","","","","","","","","",""
"R_Nani_Super_E","","TRUE","","TRUE","AddUltiSteerLifeTimePercent","50","","","","","","","","","","",""
"R_Nani_Super_L","","TRUE","","TRUE","AddUltiSteerLifeTimePercent","150","","","","","","","","","","",""
"R_Hank_Range_S_1","","","","TRUE","AddCastingRangePercent","10","","","","","","","","","","",""
"R_Hank_Range_S_2","","","","TRUE","AddAreaEffectPercent","10","","","","","","","","","","",""
"R_Hank_Range_S_3","","","","TRUE","AddEffectSizePercent","10","","","","","","","","","","",""
"R_Hank_Range_E_1","","","","TRUE","AddCastingRangePercent","15","","","","","","","","","","",""
"R_Hank_Range_E_2","","","","TRUE","AddAreaEffectPercent","15","","","","","","","","","","",""
"R_Hank_Range_E_3","","","","TRUE","AddEffectSizePercent","15","","","","","","","","","","",""
"R_Hank_Range_L_1","","","","TRUE","AddCastingRangePercent","25","","","","","","","","","","",""
"R_Hank_Range_L_2","","","","TRUE","AddAreaEffectPercent","25","","","","","","","","","","",""
"R_Hank_Range_L_3","","","","TRUE","AddEffectSizePercent","25","","","","","","","","","","",""
"R_Add_Bullets_BasicAttack_ULTRA_1","","","","TRUE","AddBasicAttackNumBullets","4","","","","","","","","","","",""
"R_Add_Bullets_BasicAttack_ULTRA_2","","","","TRUE","AddSpreadBasicAttack","80","","","","","","","","","","",""
"R_Add_Bullets_BasicAttack_L_1","","","","TRUE","AddBasicAttackNumBullets","1","","","","","","","","","","",""
"R_Add_Bullets_BasicAttack_L_2","","","","TRUE","AddSpreadBasicAttack","30","","","","","","","","","","",""
"R_Kit_PowerCube_E","","TRUE","","","StartWithPowerCube_E","1","","","","","","","","","","",""
"R_Mina_Shield_L","","TRUE","","","TriggerAreaEffectWhenUlti","","","RogueliteDancerBlockProjectiles","","","","","","","","",""
"R_Chuck_Pole_E","","TRUE","","TRUE","AddNumMaxItems","1","","","","","","","","","","",""
"R_Chuck_Pole_L","","TRUE","","TRUE","AddNumMaxItems","2","","","","","","","","","","",""
"R_Clancy_Level_L","","TRUE","","TRUE","StartWithLevel","7","","","","","","","","","","",""
"R_Kit_AttackRange_L_1","","","","TRUE","AddCastingRange","1","","","","","","","","","","",""
"R_Kit_AttackRange_L_2","","","","TRUE","AddSpreadBasicAttackPercent","-40","","","","","","","","","","",""
"R_Kit_AttackRange_L_3","","","","TRUE","AddEffectSizePercent","35","","","","","","","","","","",""
"R_Shade_AttackRange_L_1","","","","TRUE","AddCastingRange","1","","","","","","","","","","",""
"R_Shade_AttackRange_L_2","","","","TRUE","AddEffectSizePercent","15","","","","","","","","","","",""
"R_Otis_ActiveTime_L","","TRUE","","TRUE","ActiveTimeBasicAttackAddPercent","20","","","","","","","","","","",""
"R_PowerCubeOnStart_ULTRA","","TRUE","","","StartWithPowerCube_ULTRA","20","","","","","","","","","","",""
"R_MoveSpeed_ULTRA","","","","TRUE","IncreaseSpeedPercent","45","","","","","","","","","","",""
"ActorPlaceholderTrait","","TRUE","TRUE","TRUE","IncreaseMaxHp","10","","","","","","","","","","",""
"DemogorgonLifeSteal","","TRUE","TRUE","","LifeStealFromDamagePercent","30","","","","","","","","","","",""
"R_God_ScaleUp","","TRUE","","TRUE","AddExtraScale","40","","","","","","","","","","",""
"R_God_Max_ScaleUp","","TRUE","","TRUE","AddExtraScale","100","","","","","","","","","","",""
"R_Leon_Super_L","","","","TRUE","AddActiveTimeUltiAttackPercentage","200","","","","","","","","","","",""
"R_Bibi_Range_L_1","","","","TRUE","AddCastingRange","1","","","","","","","","","","",""
"R_Bibi_Range_L_2","","","","TRUE","AddEffectSizePercent","50","","","","","","","","","","",""
"R_MaxHp_Absolute_Mini_Mini_S","","TRUE","","TRUE","IncreaseMaxHpAbsolute","800","","","","","","","","","","",""
"R_MaxHp_Absolute_Mini_Mini_E","","TRUE","","TRUE","IncreaseMaxHpAbsolute","1000","","","","","","","","","","",""
"R_MaxHp_Absolute_Mini_Mini_L","","TRUE","","TRUE","IncreaseMaxHpAbsolute","1500","","","","","","","","","","",""
"R_GadgetCooldown_Mini_Min_S","","","","TRUE","DecreaseGadgetCooldownPercent","15","","","","","","","","","","",""
"R_GadgetCooldown_Mini_Min_E","","","","TRUE","DecreaseGadgetCooldownPercent","25","","","","","","","","","","",""
"R_GadgetCooldown_Mini_Min_L","","","","TRUE","DecreaseGadgetCooldownPercent","40","","","","","","","","","","",""
"R_HCTime_L","","","","TRUE","AddHCActiveTimePercent","120","","","","","","","","","","",""
"R_MoveSpeed_Mini_Mini_S","","","","TRUE","IncreaseSpeedPercent","10","","","","","","","","","","",""
"R_MoveSpeed_Mini_Mini_E","","","","TRUE","IncreaseSpeedPercent","15","","","","","","","","","","",""
"R_MoveSpeed_Mini_Mini_L","","","","TRUE","IncreaseSpeedPercent","20","","","","","","","","","","",""
"R_Frank_Scale_S","","TRUE","","TRUE","AddExtraScale","5","","","","","","","","","","",""
"R_Frank_Scale_E","","TRUE","","TRUE","AddExtraScale","15","","","","","","","","","","",""
"R_Frank_Scale_L","","TRUE","","TRUE","AddExtraScale","30","","","","","","","","","","",""
"R_Melodie_Notes_E","","TRUE","","TRUE","AddChainBulletsMaxProjectile","1","","","","","","","","","","",""
"R_BulletSize_Max_S","","","","TRUE","AddBulletSizePercent","30","","","","","","","","","","",""
"R_BulletSize_Max_E","","","","TRUE","AddBulletSizePercent","45","","","","","","","","","","",""
"R_BulletSize_Max_L","","","","TRUE","AddBulletSizePercent","60","","","","","","","","","","",""
"R_Janet_ActiveTime_E","","","","TRUE","AddActiveTimeUltiAttackPercentage","30","","","","","","","","","","",""
"R_Frank_SpeedDown_S","","","","TRUE","IncreaseSpeedPercent","-4","","","","","","","","","","",""
"R_Frank_SpeedDown_E","","","","TRUE","IncreaseSpeedPercent","-7","","","","","","","","","","",""
"R_Frank_SpeedDown_L","","","","TRUE","IncreaseSpeedPercent","-11","","","","","","","","","","",""
"R_MoveSpeedInBush_Mini_S","","TRUE","","TRUE","IncreaseSpeedInBushPercent","10","","","","","","","","","","",""
"R_Kaze_EffectSize_S","","","","TRUE","AddEffectSizePercent","15","","","","","","","","","","",""
"R_Kaze_EffectSize_E","","","","TRUE","AddEffectSizePercent","25","","","","","","","","","","",""
"R_Kaze_EffectSize_L","","","","TRUE","AddEffectSizePercent","45","","","","","","","","","","",""
"R_MaxHp_Absolute_Meg_S","","TRUE","","TRUE","IncreaseMaxHpAbsolute","500","","","","","","","","","","",""
"R_MaxHp_Absolute_Meg_E","","TRUE","","TRUE","IncreaseMaxHpAbsolute","800","","","","","","","","","","",""
"R_MaxHp_Absolute_Meg_L","","TRUE","","TRUE","IncreaseMaxHpAbsolute","1000","","","","","","","","","","",""
"R_HighHealthDamage_E","","TRUE","","TRUE","AddHighHealthDamage","25","","","","","","","","","","",""
"ShadowdemonMinionDamage","","TRUE","TRUE","TRUE","DamageOutputReducePercent","45","","","","","","","","","","",""
"ShadowdemonMinionHealth","","TRUE","TRUE","TRUE","IncreaseMaxHp","-30","","","","","","","","","","",""
"ShadowdemonMinionDamageOvercharged","","TRUE","TRUE","TRUE","DamageOutputReducePercent","30","","","","","","","","","","",""
"ShadowdemonMinionHealthOvercharged","","TRUE","TRUE","TRUE","IncreaseMaxHp","-15","","","","","","","","","","",""
"MB_StickyBomb_Slow","","TRUE","","","SpawnAreaEffectWhileMoving","15","","MegaBossStickyBombSlowAreaSmall","","","","","","","","",""
"MB_Shade_PassWall","","TRUE","","","AddStatusEffectOnStart","","","","","","MegaBossGhostIncorporeal","","","","","",""
"MB_Crow_ProjectileSpeed","","TRUE","","TRUE","AddProjectileSpeedPercent","35","","","","","","","","","","",""
"MB_Rico_BulletExplode_1","","TRUE","","","SpawnAreaEffectWhileMoving","12","","MegaBossRicoMoveBullet1","","","","","","","","",""
"MB_Rico_BulletExplode_2","","TRUE","","","SpawnAreaEffectWhileMoving","12","","MegaBossRicoMoveBullet2","","","","","","","","",""
"MB_Rico_BulletExplode_3","","TRUE","","","SpawnAreaEffectWhileMoving","12","","MegaBossRicoMoveBullet3","","","","","","","","",""
"MB_Grom_BulletSize","","","","TRUE","AddBulletSizePercent","50","","","","","","","","","","",""
"MB_Grom_AreaEffectSize","","","","TRUE","AddAreaEffectPercent","50","","","","","","","","","","",""
"MB_Grom_EffectSize","","","","TRUE","AddEffectSizePercent","50","","","","","","","","","","",""
"MB_Griff_ProjectilSize","","","","TRUE","AddBulletSizePercent","50","","","","","","","","","","",""
"MB_Nita_ProjectilSize","","","","TRUE","AddBulletSizePercent","100","","","","","","","","","","",""
"MB_DragonCrowL1_ProjectilSize","","","","TRUE","AddBulletSizePercent","15","","","","","","","","","","",""
"MB_DragonCrowL2_ProjectilSize","","","","TRUE","AddBulletSizePercent","40","","","","","","","","","","",""
"MB_DragonCrowL3_ProjectilSize","","","","TRUE","AddBulletSizePercent","110","","","","","","","","","","",""
"MB_Crow_FireBallAround","","TRUE","","","SpawnProjectileOnStartOrSelectPerk_2","2","MegaBossDragonCirclingProjectile","","","","","","","","","",""
"MB_Colette_ProjectilSize","","","","TRUE","AddBulletSizePercent","10","","","","","","","","","","",""
"SN_Spike_ProjectileSize","","","","","AddBulletSizePercent","50","","","","","","","","","","",""
"SN_Spike_ProjectileSpeed","","","","","AddProjectileSpeedPercent","-20","","","","","","","","","","",""
"SN_Spike_AreaEffect","","","","","AddAreaEffectPercent","40","","","","","","","","","","",""
"SN_Juju_ProjectileSize","","","","","AddBulletSizePercent","50","","","","","","","","","","",""
"SN_Juju_AreaEffect","","","","","AddAreaEffectPercent","65","","","","","","","","","","",""
"SN_Juju_ProjectileSpeed","","","","","AddProjectileSpeedPercent","-35","","","","","","","","","","",""
"SN_Stella_AttackRange","","","","","AddCastingRange","1","","","","","","","","","","",""
"SN_Stella_EffectSize","","","","","AddEffectSizePercent","20","","","","","","","","","","",""
"SN_Stella_ChargeSpeed","","TRUE","","TRUE","AddChargeSpeedPercentage","50","","","","","","","","","","",""
"SN_AttackRange_Minus1","","","","","AddCastingRange","-1","","","","","","","","","","",""
"SN_Bea_ProjectileSize","","","","","AddBulletSizePercent","50","","","","","","","","","","",""
"SN_Bea_ProjectileSpeed","","","","","AddProjectileSpeedPercent","-10","","","","","","","","","","",""
"SN_Colette_ProjectileSize","","","","","AddBulletSizePercent","30","","","","","","","","","","",""
"SN_Finx_AreaEffect","","","","","AddAreaEffectPercent","30","","","","","","","","","","",""
"SN_Spike_ChargeSuper","","","","","AddChargeUltiAutomaticallyPerSecond","1000","","","","","","","","","","",""
"SN_Juju_ChargeSuper","","","","","AddChargeUltiAutomaticallyPerSecond","1000","","","","","","","","","","",""
"SN_Bea_ChargeSuper","","","","","AddChargeUltiAutomaticallyPerSecond","1000","","","","","","","","","","",""
"SN_Amber_ChargeSuper","","","","","AddChargeUltiAutomaticallyPerSecond","1000","","","","","","","","","","",""
"SN_Stella_ChargeSuper","","","","","AddChargeUltiAutomaticallyPerSecond","1400","","","","","","","","","","",""
"SN_ChargeSuper","","","","","AddChargeUltiAutomaticallyPerSecond","1500","","","","","","","","","","",""
"SN_ChargeRateNerf","","","","","AddUltiOnlyChargePercent","-60","","","","","","","","","","",""
"SN_Amber_ProjectileSize","","","","","AddBulletSizePercent","50","","","","","","","","","","",""
"SN_HP_Buff","","","","","IncreaseMaxHp","0","","","","","","","","","","",""
"SN_Damage_Buff","","","","","AddDamagePercent","0","","","","","","","","","","",""
"SN_SpeedUpOnAtk","","TRUE","","","TriggerAreaEffectOnBasicAttack","","","OnHitSpeedyUpArea_StarNovaAmber","","","","","","","","",""
"SN_AntiBoss_Shield","","","","","DamageReductionPercent","40","","","","","","","","","","",""
"Mod_speedup","","","","TRUE","IncreaseSpeedPercent","30","","","","","","","","","","",""
"ColtOverchargedProjectileBuff","","TRUE","","TRUE","MsBetweenBasicAttacksAddPercentage","-1","","","","","","","","","","",""
"ColtOverchargedProjectileBuff2","","TRUE","","TRUE","ActiveTimeBasicAttacksAddPercentage","-80","","","","","","","","","","",""
"ColtBuddySp1","","TRUE","TRUE","TRUE","ApplyStatusEffectOnHit","","","","","","ColtSpeedBuddySp","","","","","",""
"EmzBuddySp2","","TRUE","TRUE","","ApplyStatusEffectWhenUsingUlti","","","","","","EmzBuddySp2","","","","","",""
"FrankBuddySp1","","TRUE","TRUE","","ApplyStatusEffectOnKill","","","","","","FrankBuddySp1","","","","","",""
"MortisBuddySp1","","TRUE","TRUE","","GainMaxHpOnKill","250","","","","","","","","","","",""
"EmzBuddySp1","","TRUE","TRUE","","ApplyStatusEffectToEnemiesOnHitWithBasicAttack","","","","","","EmzBuddySp1","","","","","",""
"SpikeSp1","","TRUE","TRUE","","LifeStealFromDamagePercentOnlyUlti","50","","","","","","","","","","",""
"SpikeBuddySp1","","TRUE","TRUE","","AddProjectileSpeedPercentOnlyUlti","30","","","","","","","","","","",""
"MortisBuddySp2","","TRUE","TRUE","","ApplyStatusEffectOnLongDash","","","","","","MortisBuddySp2","","","","","",""
"ColtBuddySp2","","TRUE","TRUE","","OverrideProjectileDmgPercentageOverDistance","105","","","","","","","","","","",""
"ShelllyBuddySp1","","TRUE","TRUE","","AddChainAreaEffectToUltiProjectileMod","4","","ShellyBuddySPBurnArea","","","","","","","","",""
"ShelllyBuddySp2","","TRUE","TRUE","","ApplyStatusEffectOnMedikit","","","","","","ShelllyBuddySp2","","","","","",""
"ShamanBuddySp1","","TRUE","TRUE","","PetLifestealOverhealShield","20","","","","","","","","","","",""
"ShamanBuddySp2","","TRUE","TRUE","","ApplyStatusEffectWhenUsingUlti","","","","","","ShamanSp2AmmoReloadBoost","","","","","",""
"CrowBuddySp2","","","TRUE","","IncreaseStatusEffectsTicks","20","","","","","","","","","","",""
"CrowBuddySp1","","","TRUE","","ReceiveStatusEffectBasedOnNumberOfAppliedStatusEffects","","","","","","CrowBuddySp1","","","","","",""
"BullDude_Gadget_1","","","TRUE","","HealOnKillIfEnemyHasStatusEffect","10","","","","","BullGadget1","","","","","",""
"BullDude_Gadget_2","","","TRUE","","ApplyStatusEffectOnStun","","","","","","BullDudeGadget2","","","","","",""
"NinjaBuddySp2","","","TRUE","","AddActiveTimeUltiAttackPercentage","17","","","","","","","","","","",""
"NinjaBuddySp1","","","TRUE","","ApplyStatusEffectWhileInvisibleDuringSuper","","","","","","NinjaBuddySp1","","","","","",""
"BaseballSP2ExtraUltiDuration","","TRUE","TRUE","","ExtraUltiDuration","50","","","","","","","","","","",""
"BowDudeSPHiddenDuringAttackInForest","","TRUE","TRUE","","HiddenDuringAttackInForest","","","","","","","","","","","",""
"BowDudeSPMineShotSpeed","","TRUE","TRUE","","AddProjectileSpeedPercentOnlyUlti","100","","","","","","","","","","",""
"RedirecterStarPowerCurrentHPPoisonTrait","","TRUE","","","ApplyStatusEffectOnApplyStatus","","","","","","RedirecterStarPowerCurrentHPPoison","","","","","",""
"RedirecterStarPowerSpawnPetOnTargetDeathTrait","","TRUE","","","ApplyStatusEffectOnApplyStatus","","","","","","RedirecterStarPowerSpawnPetOnTargetDeath","","","","","",""
"IgnoreStatusEffects","","TRUE","TRUE","","IgnoreStatusEffects","","","","","","","","","","","",""
"GhostDeadCenterBoost","","","TRUE","","MeleeDeadCenterBoost","100;100","","","","","","","","","","",""
"SamuraiLifeSteal","","","TRUE","","LifeStealFromDamagePercent","35","","","","","","","","","","",""
"CrowGadgetDaggerSlow","","","TRUE","","AddStatusEffectToEnermyOnHit_1","","","","","","CrowPoisonDaggerSlow","","","","","",""
"Gladiator_SpawnFireAreaOnExpire","","TRUE","","","SpawnAreaEffectOnStatusExpire","","","GladiatorFire","","","","","","","","","DontTargetSelf"
"AssaultShotgunSp1_Spread","","FALSE","TRUE","","AddSpreadBasicAttackPercent","50","","","","","","","","","","",""
"AssaultShotgunSp1_Salvo","","FALSE","TRUE","","AddSalvoBasicAttack","1","","","","","","","","","","",""
"Gladiator_SpawnFireAreaExplosionOnExpire","","TRUE","","","SpawnAreaEffectOnStatusExpire","","","GladiatorFireExplosion","","","","","","","","",""
"AssaultShotgunBuddySp1","","FALSE","TRUE","","OverrideBasicAttackPatternAtFullAmmo","25","","","","","","","","","","",""
"AssaultShotgunBuddySp2","","TRUE","TRUE","","UltiHealSelfOnReturn","5","","","","","","","","","","",""
"GladiatorOverrideChargeUpType","","","TRUE","","OverrideChargeUpType","8","","","","","","","","","","",""
"GladiatorOverrideChargeUpMax","","","TRUE","","OverrideChargeUpMax","10","","","","","","","","","","",""
"SwarmMeteorOverTimeLevel1","","TRUE","","TRUE","SpawnAreaEffectOverTime","60","","PetrolFire","","","SwarmCooldownTimer","","","","","",""
"SwarmShootDemonicProjectileOverTimeLevel1","","TRUE","","TRUE","ShootProjectileOverTime","60","BarkeepProjectile","","","","SwarmCooldownTimer","","","","","",""
"SwarmShootOtherProjectileOverTimeLevel1","","TRUE","","TRUE","ShootProjectileOverTime","30","ElectroSniperMutantProjectile","","","","SwarmCooldownTimer","","","","","",""
"SwarmTimeBendOverTimeLevel1","","TRUE","","TRUE","SpawnAreaEffectOverTime","60","","ChronomancerOverchargedUltiTimebend","","","SwarmCooldownTimer","","","","","",""
"SwarmWhirlwindProjectileOverTimeLevel1","","TRUE","","TRUE","ShootProjectileOverTime","60","WhirlwindProjectile","","","","SwarmCooldownTimer","","","","","",""
"SwarmBarleyBottleFireL1","","TRUE","","TRUE","ShootProjectileOverTime","60","BarkeepProjectile","","","","SwarmCooldownTimer","","","","2000","5000",""
"SwarmBarleyBottleFireL2","","TRUE","","TRUE","ShootProjectileOverTime","45","BarkeepProjectile","","","","SwarmCooldownTimer","","","","2000","5000",""
"SwarmWhirlwindFireL1","","TRUE","","TRUE","ShootProjectileOverTime","60","WhirlwindProjectile","","","","SwarmCooldownTimer","","","","1500","2000",""
"SwarmWhirlwindFireL2","","TRUE","","TRUE","ShootProjectileOverTime","45","WhirlwindProjectile","","","","SwarmCooldownTimer","","","","1500","2000",""
"SwarmHealthBoostL1","","TRUE","","TRUE","GainMaxHpKeepDeficit","500","","","","","","","","","","",""
"SwarmHealthBoostL2","","TRUE","","TRUE","GainMaxHpKeepDeficit","1000","","","","","","","","","","",""
"SwarmHealthBoostL3","","TRUE","","TRUE","GainMaxHpKeepDeficit","2000","","","","","","","","","","",""
"SwarmDamageBoostL1","","TRUE","","TRUE","AddDamagePercent","10","","","","","","","","","","",""
"SwarmDamageBoostL2","","TRUE","","TRUE","AddDamagePercent","20","","","","","","","","","","",""
"SwarmDamageBoostL3","","TRUE","","TRUE","AddDamagePercent","35","","","","","","","","","","",""
"SwarmBarleyBottleFireL3","","TRUE","","TRUE","ShootProjectileOverTime","45","BarkeepProjectile","","","","SwarmCooldownTimer","","","","2500","5000",""
"SwarmWhirlwindFireL3","","TRUE","","TRUE","ShootProjectileOverTime","45","WhirlwindProjectile","","","","SwarmCooldownTimer","","","","1800","2000",""
"MB_FinxL1_ProjectilSize","","","","TRUE","AddBulletSizePercent","50","","","","","","","","","","",""
"MB_FinxL2_ProjectilSize","","","","TRUE","AddBulletSizePercent","75","","","","","","","","","","",""
"EnragerBuddySp1","","TRUE","TRUE","","ExtraUltiChargeFromAreaEffectInnerRadiusHeroHit","1000","","","","","","","","","","",""
"EnragerBuddySp2","","TRUE","TRUE","","HealPercentOnKill","30","","","","","","","","","","",""
"MB_FinxTowerUntargetable","","TRUE","TRUE","","FinxTowerUntargetable","","","","","","FinxTowerUntargetable","","","","","",""
"MB_FinxTowerAreaEffect","","","TRUE","","AddAreaEffectThatFollows","","","MegaBossFinxTowerTimebend","","","","","","","","",""
"Swarm_PickupRange_Base","","","TRUE","TRUE","AddPickupRange","0","","","","","","","","","","",""
"Swarm_MoveSpeed_Base","","","","TRUE","IncreaseSpeedPercent","0","","","","","","","","","","",""
"SwarmElectroBoltFireL1","","TRUE","","TRUE","ShootProjectileOverTime","60","ElectroSniperMutantProjectile","","","","SwarmCooldownTimer","","","","1500","4000",""
"SwarmElectroBoltFireL2","","TRUE","","TRUE","ShootProjectileOverTime","50","ElectroSniperMutantProjectile","","","","SwarmCooldownTimer","","","","1500","4000",""
"SwarmElectroBoltFireL3","","TRUE","","TRUE","ShootProjectileOverTime","50","ElectroSniperMutantProjectile","","","","SwarmCooldownTimer","","","","2000","4000",""
"SwarmElectroBoltFireL2_2","","TRUE","","TRUE","ShootProjectileOverTime","50;12","ElectroSniperMutantProjectile","","","","SwarmCooldownTimer","","","","1500","4000",""
"SwarmElectroBoltFireL3_2","","TRUE","","TRUE","ShootProjectileOverTime","50;12","ElectroSniperMutantProjectile","","","","SwarmCooldownTimer","","","","2000","4000",""
"SwarmFireAuraTraitL1","","TRUE","","","AddAreaEffectThatFollows","480;560","","SwarmFireAuraL1","","","","","","","","",""
"SwarmFireAuraTraitL2","","TRUE","","","AddAreaEffectThatFollows","480;560","","SwarmFireAuraL2","","","","","","","","",""
"SwarmFireAuraTraitL3","","TRUE","","","AddAreaEffectThatFollows","600;840","","SwarmFireAuraL3","","","","","","","","",""
"PercenterOverchargeFollowupProjectile","","TRUE","TRUE","","PercenterHcBuddyProjectile","5;30","PercenterOverchargedProjectileSecondary","","","","","","","TRUE","","",""
"MB_FinxL2_AreaSize","","","","TRUE","AddAreaEffectPercent","10","","","","","","","","","","",""
"ColetteLifestealBuddyOverheal","","TRUE","TRUE","TRUE","OverhealShield","60;1000","","","","","","","","","","",""
"MB_FinxTowerAreaSize","","","","TRUE","AddAreaEffectPercent","50","","","","","","","","","","",""
"RockProjectileMagnet_SteerStrength","","TRUE","","","AddProjectileSteerStrength","30","","","","","","","","","","",""
"RockProjectileMagnet_SteerIgnoreTicks","","TRUE","","","OverrideProjectileSteerIgnoreTicks","1","","","","","","","","","","",""
"RockProjectileMagnet_SteerHomeDistance","","TRUE","","","OverrideProjectileHomeDistance","10","","","","","","","","","","",""
"RockProjectileMagnet_OverrideTravelType","","TRUE","","","OverrideProjectileTravelType","10","","","","","","","","","","",""
"PercenterBuddySp1","","TRUE","TRUE","","OverrideChargeSpeed","6000","","","","","","","","","","",""
"PercenterBuddySp2","","TRUE","TRUE","","StealAmmoOnChargeHit","33;100","","","","","","","","","","",""
"RockChargeUltiOnMove","","TRUE","TRUE","","ChargeUltiOnMove","14;1","","","","","","","","","","",""
"PercenterSp2ChargeDamageReduction","","TRUE","TRUE","","ApplyStatusEffectWhenUsingUlti","","","","","","PercenterStarPowerChargeDamageReductionBase","","","","","",""
"ConductorSp2ChargeAmmoSteal","","TRUE","TRUE","","StealAmmoOnChargeHit","33;100","","","","","","","","","","",""
