"Name","SpawnCondition","SpawnConditionData","BossTraits","SetupHpThresholds","VulnerableStateStartTicks","VulnerableStateDurationTicks","VulnerableStatusEffect","AwakeDistance","MovableTileUpDownLeftRight","EscapeDistance","NumSkills","AttackSkills","AttackMaxCount","DamageIncrease","ProjectileSpeedIncrease","AttackPreDelayTicks","AttackCooldownTicks","AttackIndicatorStyles","AttackIndicatorAreaEffects","AttackIndicatorDistances","AttackIndicatorWidth","MoveStyle","SkipForWin","SpawnBossOnDeath","PhaseNumber","DropPowerCubeCount","SpawnTeamMateTime","SkillTPCameraType","BattleIntroFrameLabel","BattleIntroTomlConfigId","BossModeNameTID","ChatSuggestionItemName","GameModeIconName","GameModeRoomIconName","ChargeRadiusMod"
"string","string","string","string","boolean","int","int","string","int","string","int","int","string","string","int","int","string","string","string","string","string","string","string","boolean","string","int","int","int","string","string","string","string","string","string","string","int"
"MegaBossKenji",,,,,250,100,"MegaBossVulnerableGen",10,"50;50;50;50",-1,5,"MegaKenjiPushAway;MegaKenjiAttackSlowProjectiles;MegaKenjiSpawnRobots;MegaKenjiCharge;MegaKenji360Madness","1;2;1;1;0",0,-15,"20;20;10;20;15","20;20;10;40;20","0;0;1;3;1","-;-;MegaBossAreaIndicatorSmall;-;MegaBossWarning360","0;-1;4000;-1;100","0;0;0;400;0","1;1;1;1;1",,,,,-1,"0;0;0;0;0","default",,,,,,
,,,,,350,60,,,,,,,"1;2;1;2;1",0,-10,,,,,,,,,,,,,,,,,,,,
,,,,,400,30,,,,,,,"1;1;2;1;1",0,-5,,,,,,,,,,,,,,,,,,,,
,,,,,0,0,,,,,,,"1;2;2;2;1",50,0,,,,,,,,,,,,,,,,,,,,
,,,,,0,0,,,,,,,"1;2;5;4;2",100,5,,,,,,,,,,,,,,,,,,,,
,,,,,0,0,,,,,,,"1;2;5;4;2",150,15,,,,,,,,,,,,,,,,,,,,
"MegaBossTrickshot",,,,,250,100,"MegaBossVulnerableGen",10,"50;50;50;50",-1,6,"MegaBossTrickshotPushAway;MegaBossTrickshotWeapon;MegaBossTrickshotDudeUlti;MegaBossTrickshotWeaponSecond;MegaBossTrickshotDude360Madness;MegaBossTrickshotUltraSuper","1;2;1;1;0;0",0,-15,"20;25;30;35;40;40","20;30;30;35;40;40","0;0;0;0;1;0","'-;-;-;-;MegaBossIndicatorLarge;-","0;-1;-1;-1;0;-1","0;120;180;250;0;400","1;1;1;1;1;1",,,,,-1,"0;0;0;0;0;0","boss_rico_brawloween",,"TID_MEGA_BOSS_TITLE_GENERAL","chat_letsplay_boss_rico_brawloween","event_icon_boss_rico_brawloween","event_gameroom_boss_rico_brawloween",
,,,,,350,60,,,,,,,"1;2;1;2;1;0",0,-10,,,,,,,,,,,,,,,,,,,,
,,,,,400,30,,,,,,,"1;2;1;2;1;1",0,-5,,,,,,,,,,,,,,,,,,,,
,,,,,0,0,,,,,,,"1;2;3;3;1;1",50,0,,,,,,,,,,,,,,,,,,,,
,,,,,0,0,,,,,,,"1;2;4;3;2;2",100,5,,,,,,,,,,,,,,,,,,,,
,,,,,0,0,,,,,,,"1;2;4;3;3;2",150,15,,,,,,,,,,,,,,,,,,,,
"MegaBossSpike",,,,,250,100,"MegaBossVulnerableGen",10,"50;50;50;50",-1,6,"MegaBossCactusPushAway;MegaBossCactusWeapon;MegaBossCactusUlti;MegaBossCactusPet;MegaBossCactusCharge;MegaBossCactusSecondWeapon","1;2;1;1;0;0",0,-15,"20;20;30;30;35;40","20;30;30;30;35;40","0;3;0;0;3;3","''-;-;-;-;-;-","0;-1;-1;-1;-1;-1","0;250;0;0;500;900","1;1;1;1;1;1",,,,,-1,"0;0;0;0;0;0","boss_spike_carreta",,"TID_MEGA_BOSS_TITLE_GENERAL","chat_letsplay_boss_spike_carreta","event_icon_boss_spike_carreta","event_gameroom_boss_spike_carreta",
,,,,,350,60,,,,,,,"1;2;1;2;1;0",0,-10,,,,,,,,,,,,,,,,,,,,
,,,,,400,30,,,,,,,"1;2;2;3;1;1",0,-5,,,,,,,,,,,,,,,,,,,,
,,,,,0,0,,,,,,,"1;2;3;4;2;1",50,0,,,,,,,,,,,,,,,,,,,,
,,,,,0,0,,,,,,,"1;2;3;5;3;1",100,5,,,,,,,,,,,,,,,,,,,,
,,,,,0,0,,,,,,,"1;2;3;6;3;2",150,15,,,,,,,,,,,,,,,,,,,,
"MegaBossClusterBomb",,,,,250,100,"MegaBossVulnerableGen",10,"50;50;50;50",-1,6,"MegaTickPushAway;MegaTickUlti;MegaTickWeapon;MegaTickWeaponSecond;MegaTickUltiMid;MegaTickUltiLarge","1;2;1;1;0;0",0,-15,"20;20;30;30;35;40","20;30;35;40;45;50","0;0;0;1;0;0","-;-;-;MegaBossCrowUltiIndicator;-;-","0;-1;-1;-1;-1;1500","0;0;0;0;0;0","1;1;1;1;1;1",,,,,-1,"0;0;0;0;0;0","boss_tick_brawloween",,"TID_MEGA_BOSS_TITLE_GENERAL","chat_letsplay_boss_tick_brawloween","event_icon_boss_tick_brawloween","event_gameroom_boss_tick_brawloween",
,,,,,350,60,,,,,,,"1;2;1;2;1;0",0,-10,,,,,,,,,,,,,,,,,,,,
,,,,,400,30,,,,,,,"1;2;2;2;1;1",0,-5,,,,,,,,,,,,,,,,,,,,
,,,,,0,0,,,,,,,"1;2;3;2;2;1",50,0,,,,,,,,,,,,,,,,,,,,
,,,,,0,0,,,,,,,"1;2;4;3;3;1",100,5,,,,,,,,,,,,,,,,,,,,
,,,,,0,0,,,,,,,"1;2;4;3;3;2",150,15,,,,,,,,,,,,,,,,,,,,
"MegaBossSplitter",,,,,250,100,"MegaBossVulnerableGen",10,"50;50;50;50",-1,5,"MegaBossSplitterAtkPushAway;MegaBossSplitterLegDefence;MegaBossSplitterSpawnRobotsShoot;MegaBossSplitterSpawnRobotsThrow;MegaBossSplitterUlti360","1;1;0;0;0",0,-15,"40;20;30;30;30","20;30;30;30;30","0;0;1;1;0","-;-;MegaBossAreaIndicatorSmall;MegaBossAreaIndicatorSmall;-","0;-1;4800;4800;0","0;0;0;0;0;0","0;0;0;0;0",,,,,-1,"0;0;0;0;0","boss_rt_brawloween",,"TID_MEGA_BOSS_TITLE_GENERAL","chat_letsplay_boss_rt_brawloween","event_icon_boss_rt_brawloween","event_gameroom_boss_rt_brawloween",
,,,,,350,60,,,,,,,"1;1;1;1;0",0,-10,,,,,,,,,,,,,,,,,,,,
,,,,,400,30,,,,,,,"1;2;1;1;1",0,-5,,,,,,,,,,,,,,,,,,,,
,,,,,0,0,,,,,,,"1;2;1;1;2",50,0,,,,,,,,,,,,,,,,,,,,
,,,,,0,0,,,,,,,"1;2;2;2;3",100,5,,,,,,,,,,,,,,,,,,,,
,,,,,0,0,,,,,,,"1;3;3;3;5",150,15,,,,,,,,,,,,,,,,,,,,
"MegaBossSplitterHead",,,,,250,100,"MegaBossVulnerableGen",10,"50;50;50;50",-1,4,"MegaBossSplitterAtk;MegaBossSplitterWeapon;MegaBossSplitterWeaponRange;MegaBossSplitterCharge","1;1;0;0",0,-15,"40;25;30;30","40;30;40;50","0;0;3;3","-;-;-;-","0;-1;-1;-1","0;0;300;550","1;1;1;1","TRUE",,,,-1,"0;0;0;0","boss_rt_brawloween",,"TID_MEGA_BOSS_TITLE_GENERAL","chat_letsplay_boss_rt_brawloween","event_icon_boss_rt_brawloween","event_gameroom_boss_rt_brawloween",
,,,,,350,60,,,,,,,"1;2;1;0",0,-10,,,,,,,,,,,,,,,,,,,,
,,,,,400,30,,,,,,,"1;3;2;1",0,-5,,,,,,,,,,,,,,,,,,,,
,,,,,0,0,,,,,,,"1;3;2;2",50,0,,,,,,,,,,,,,,,,,,,,
,,,,,0,0,,,,,,,"1;3;3;2",100,5,,,,,,,,,,,,,,,,,,,,
,,,,,0,0,,,,,,,"1;3;4;3",150,15,,,,,,,,,,,,,,,,,,,,
"MegaBossKenjiGhost",,,,,250,100,"MegaBossVulnerableGen",10,"50;50;50;50",-1,6,"MegaKenjiPushAway;MegaKenjiAttackSlowProjectiles;MegaKenjiSpawnRobots;MegaKenjiCharge;MegaKenji360Madness;MegaKenjiSpawnKenji","1;3;2;1;0;0",0,-15,"20;20;30;30;40;35","20;30;30;30;40;35","0;0;0;3;1;1","-;-;-;-;MegaBossWarning360;MegaBossCrowMidSizeIndicator","0;-1;-1;-1;100;3000","0;0;0;350;0;0","1;1;1;1;1;1",,,,,-1,"0;0;0;0;0;0","boss_kenji_ghost",,"TID_MEGA_BOSS_TITLE_GENERAL","chat_letsplay_boss_kenji_ghost","event_icon_boss_kenji_ghost","event_gameroom_boss_kenji_ghost",
,,,,,350,60,,,,,,,"1;3;2;1;2;0",0,-10,,,,,,,,,,,,,,,,,,,,
,,,,,400,30,,,,,,,"1;3;3;1;2;1",0,-5,,,,,,,,,,,,,,,,,,,,
,,,,,0,0,,,,,,,"1;3;3;1;2;1",50,0,,,,,,,,,,,,,,,,,,,,
,,,,,0,0,,,,,,,"1;2;3;1;3;1",100,5,,,,,,,,,,,,,,,,,,,,
,,,,,0,0,,,,,,,"1;2;3;2;3;1",150,15,,,,,,,,,,,,,,,,,,,,
"MegaBossCrow",,,,,250,100,"MegaBossVulnerableGen",10,"50;50;50;50",-1,6,"MegaBossCrowPushAway;MegaBossCrowWeapon;MegaBossCrowUltiBack;MegaBossCrowSecondWeapon;MegaBossCrowSecondUlti;MegaBossCrowUlti","1;2;0;2;0;0",0,-15,"20;30;30;30;40","20;30;32;35;40","0;0;0;0;1;1","-;-;-;-;MegaBossCrowUltiIndicator;MegaBossCrowMidSizeIndicator","-1;-1;0;-1;-1;-1","0;0;0;0;0;0","1;1;1;1;1;1",,,,,-1,"0;0;0;0;0;0","boss_crow_brawloween",,"TID_MEGA_BOSS_TITLE_GENERAL","chat_letsplay_boss_crow_brawloween","event_icon_boss_crow_brawloween","event_gameroom_boss_crow_brawloween",
,,,,,350,60,,,,,,,"1;3;1;3;1;0",0,-10,,,,,,,,,,,,,,,,,,,,
,,,,,400,30,,,,,,,"1;3;1;3;2;1",0,-5,,,,,,,,,,,,,,,,,,,,
,,,,,0,0,,,,,,,"1;4;1;4;2;1",50,0,,,,,,,,,,,,,,,,,,,,
,,,,,0,0,,,,,,,"1;4;2;4;4;1",100,5,,,,,,,,,,,,,,,,,,,,
,,,,,0,0,,,,,,,"1;4;2;4;4;1",150,15,,,,,,,,,,,,,,,,,,,,
"MegaBossCrowRed",,,,,250,100,"MegaBossVulnerableGen",10,"50;50;50;50",-1,6,"MegaBossCrowPushAway;MegaBossCrowWeapon;MegaBossCrowUltiBack;MegaBossCrowSecondWeapon;MegaBossCrowSecondUlti;MegaBossCrowUlti","1;2;0;2;0;0",0,-15,"20;30;30;30;40","20;30;32;35;40","0;0;0;0;1;1","-;-;-;-;MegaBossCrowUltiIndicator;MegaBossCrowMidSizeIndicator","-1;-1;0;-1;-1;-1","0;0;0;0;0;0","1;1;1;1;1;1",,,,,-1,"0;0;0;0;0;0","boss_crow_brawloween",,"TID_MEGA_BOSS_TITLE_GENERAL","chat_letsplay_boss_crow_brawloween","event_icon_boss_crow_brawloween","event_gameroom_boss_crow_brawloween",
,,,,,350,60,,,,,,,"1;3;1;3;0;0",0,-10,,,,,,,,,,,,,,,,,,,,
,,,,,400,30,,,,,,,"1;3;1;3;1;0",0,-5,,,,,,,,,,,,,,,,,,,,
,,,,,0,0,,,,,,,"1;4;1;4;1;0",50,0,,,,,,,,,,,,,,,,,,,,
,,,,,0,0,,,,,,,"1;4;2;4;3;1",100,5,,,,,,,,,,,,,,,,,,,,
,,,,,0,0,,,,,,,"1;4;2;4;3;1",150,15,,,,,,,,,,,,,,,,,,,,
"MegaBossCrowWhite",,,,,250,100,"MegaBossVulnerableGen",10,"50;50;50;50",-1,6,"MegaBossCrowPushAway;MegaBossCrowWeapon;MegaBossCrowUltiBack;MegaBossCrowSecondWeapon;MegaBossCrowSecondUlti;MegaBossCrowUlti","1;2;0;2;0;0",0,-15,"20;30;30;30;40","20;30;32;35;40","0;0;0;0;1;1","-;-;-;-;MegaBossCrowUltiIndicator;MegaBossCrowMidSizeIndicator","-1;-1;0;-1;-1;-1","0;0;0;0;0;0","1;1;1;1;1;1",,,,,-1,"0;0;0;0;0;0","boss_crow_brawloween",,"TID_MEGA_BOSS_TITLE_GENERAL","chat_letsplay_boss_crow_brawloween","event_icon_boss_crow_brawloween","event_gameroom_boss_crow_brawloween",
,,,,,350,60,,,,,,,"1;3;1;3;0;0",0,-10,,,,,,,,,,,,,,,,,,,,
,,,,,400,30,,,,,,,"1;3;1;3;1;0",0,-5,,,,,,,,,,,,,,,,,,,,
,,,,,0,0,,,,,,,"1;4;1;4;1;0",50,0,,,,,,,,,,,,,,,,,,,,
,,,,,0,0,,,,,,,"1;4;2;4;3;1",100,5,,,,,,,,,,,,,,,,,,,,
,,,,,0,0,,,,,,,"1;4;2;4;3;1",150,15,,,,,,,,,,,,,,,,,,,,
"MegaBossFrank",,,,,250,100,"MegaBossVulnerableGen",10,"50;50;50;50",-1,6,"MegaBossFrankAttackPushAway;MegaBossFrankAttackUlti;MegaBossFrankAttackCharge;MegaBossFrankAoePull;MegaBossFrankAttackHyper;MegaBossFrankSpawnAdds","1;2;1;0;1;0",0,-15,"10;10;20;10;10;15","10;10;30;10;10;20","0;0;0;0;0;0","-;-;-;-;-;-","-1;-1;-1;-1;-1;-1","0;0;650;0;0;0","1;1;1;1;1;1",,,,,-1,"0;0;0;0;0;0","boss_frank_knight",,"TID_MEGA_BOSS_TITLE_GENERAL","chat_letsplay_boss_st_frank","event_icon_boss_st_frank","event_gameroom_boss_st_frank",2
,,,,,350,60,,,,,,,"1;3;2;0;1;1",0,-5,,,,,,,,,,,,,,,,,,,,
,,,,,400,30,,,,,,,"1;4;2;1;2;1",0,0,,,,,,,,,,,,,,,,,,,,
,,,,,0,0,,,,,,,"1;4;2;1;3;1",50,5,,,,,,,,,,,,,,,,,,,,
,,,,,0,0,,,,,,,"1;4;2;1;4;2",100,10,,,,,,,,,,,,,,,,,,,,
,,,,,0,0,,,,,,,"1;4;2;1;4;2",150,20,,,,,,,,,,,,,,,,,,,,
"MegaBossFang",,,,,250,100,"MegaBossVulnerableGen",10,"50;50;50;50",-1,5,"MegaBossFangPushAway;MegaBossFangAttack2;MegaBossFangAttack3;MegaBossFangAttack4;MegaBossFangAttack5","1;2;1;1;0",0,-15,"20;20;10;20;15","20;20;10;40;20","0;0;1;3;1","-;-;MegaBossAreaIndicatorSmall;-;MegaBossWarning360","0;-1;4000;-1;100","0;0;0;400;0","1;1;1;1;1",,,,,-1,"0;0;0;0;0","default",,"TID_MEGA_BOSS_TITLE_GENERAL",,,,
,,,,,350,60,,,,,,,"1;2;1;2;1",0,-5,,,,,,,,,,,,,,,,,,,,
,,,,,400,30,,,,,,,"1;1;2;1;1",0,0,,,,,,,,,,,,,,,,,,,,
,,,,,0,0,,,,,,,"1;2;2;2;1",50,5,,,,,,,,,,,,,,,,,,,,
,,,,,0,0,,,,,,,"1;2;5;4;2",100,10,,,,,,,,,,,,,,,,,,,,
,,,,,0,0,,,,,,,"1;2;5;4;2",150,20,,,,,,,,,,,,,,,,,,,,
"MegaBossEmz",,,,,250,100,"MegaBossVulnerableGen",10,"50;50;50;50",-1,5,"MegaBossEmzPushAway;MegaBossEmzAttack2;MegaBossEmzAttack3;MegaBossEmzAttack4;MegaBossEmzAttack5","1;2;1;1;0",0,-15,"20;20;10;20;15","20;20;10;40;20","0;0;1;3;1","-;-;MegaBossAreaIndicatorSmall;-;MegaBossWarning360","0;-1;4000;-1;100","0;0;0;400;0","1;1;1;1;1",,,,,-1,"0;0;0;0;0","default",,"TID_MEGA_BOSS_TITLE_GENERAL",,,,
,,,,,350,60,,,,,,,"1;2;1;2;1",0,-5,,,,,,,,,,,,,,,,,,,,
,,,,,400,30,,,,,,,"1;1;2;1;1",0,0,,,,,,,,,,,,,,,,,,,,
,,,,,0,0,,,,,,,"1;2;2;2;1",50,5,,,,,,,,,,,,,,,,,,,,
,,,,,0,0,,,,,,,"1;2;5;4;2",100,10,,,,,,,,,,,,,,,,,,,,
,,,,,0,0,,,,,,,"1;2;5;4;2",150,20,,,,,,,,,,,,,,,,,,,,
"MegaBossSTDg",,,,,0,0,"MegaBossVulnerableGen",25,"50;50;50;50",-1,2,"MegaBossDgPushAway;MegaBossDgAttackCharge","1;3",0,-15,"20;20","20;30","0;3","-;-","-1;-1","0;300","1;1",,,,,-1,"0;0","boss_demogorgon",,"TID_MEGA_BOSS_TITLE_GENERAL","chat_letsplay_boss_st_demogorgon","event_icon_boss_st_demogorgon","event_gameroom_boss_st_demogorgon",
,,,,,0,0,,,,,,,"1;3",50,-5,,,,,,,,,,,,,,,,,,,,
,,,,,0,0,,,,,,,"1;3",100,0,,,,,,,,,,,,,,,,,,,,
,,,,,0,0,,,,,,,"1;3",150,5,,,,,,,,,,,,,,,,,,,,
,,,,,0,0,,,,,,,"1;3",200,10,,,,,,,,,,,,,,,,,,,,
,,,,,0,0,,,,,,,"1;3",250,20,,,,,,,,,,,,,,,,,,,,
"MegaBossSTVec",,,,,0,0,"MegaBossVulnerableGen",25,"50;50;50;50",-1,6,"MegaBossVecPushAway;MegaBossVecAttackBlackholeDistance;MegaBossVecAttackDropClock;MegaBossVecAttackSlowProjectile;MegaBossVecAttackBigBlackhole;MegaBossVecAttackRockExplosion","1;1;1;0;0;1",0,-15,"10;20;30;30;15;20","10;20;30;30;15;20","0;0;0;0;0;0","-;-;-;-;-;-","-1;-1;-1;-1;-1;-1","0;0;0;0;0;0","1;1;1;1;1;1",,,,,-1,"0;0;0;0;0;0","boss_vecna","boss_vecna","TID_MEGA_BOSS_TITLE_GENERAL","chat_letsplay_boss_st_vecna","event_icon_boss_st_vecna","event_gameroom_boss_st_vecna",
,,,,,0,0,,,,,,,"1;1;1;1;0;1",50,-5,,,,,,,,,,,,,,,,,,,,
,,,,,0,0,,,,,,,"1;1;1;1;1;1",100,0,,,,,,,,,,,,,,,,,,,,
,,,,,0,0,,,,,,,"1;2;1;2;1;1",150,5,,,,,,,,,,,,,,,,,,,,
,,,,,0,0,,,,,,,"1;2;1;2;1;2",200,10,,,,,,,,,,,,,,,,,,,,
,,,,,0,0,,,,,,,"1;2;1;2;2;2",250,20,,,,,,,,,,,,,,,,,,,,
"MegaBossStickyBomb",,,"MB_StickyBomb_Slow",,250,100,"MegaBossVulnerableGen",10,"50;50;50;50",-1,5,"MegaBossStickyPushAway;MegaBossStickyBombWeapon;MegaBossStickyBombUlti;MegaBossStickyBombWeaponSecond;MegaBossStickyBombUltiSecond","0;1;1;1;0",0,-15,"20;25;30;35;40","20;30;35;35;40","0;3;1;3;1;","''-;-;MegaBossCrowMidSizeIndicator;-;MegaBossWarning360","0;-1;-1;-1;-1","0;200;0;300;0","1;1;1;1;1",,,,,-1,"0;0;0;0;0","boss_valentines_squeak",,"TID_MEGA_BOSS_TITLE_GENERAL","chat_letsplay_boss_brawlentines_squeak","event_icon_boss_brawlentines_squeak","event_gameroom_boss_squeak_brawlentines",
,,,,,350,60,,,,,,,"0;2;2;2;1",0,-10,,,,,,,,,,,,,,,,,,,,
,,,,,400,30,,,,,,,"0;2;2;2;1",50,-5,,,,,,,,,,,,,,,,,,,,
,,,,,0,0,,,,,,,"0;2;2;3;2",75,0,,,,,,,,,,,,,,,,,,,,
,,,,,0,0,,,,,,,"0;2;2;3;2",100,10,,,,,,,,,,,,,,,,,,,,
,,,,,0,0,,,,,,,"0;2;2;3;2",200,15,,,,,,,,,,,,,,,,,,,,
"MegaBossGhost",,,,,250,100,"MegaBossVulnerableGen",20,"50;50;50;50",-1,4,"MegaBossGhostPushAway;MegaBossGhostDash;MegaBossGhostSlap;MegaBossGhostSlapLarge","0;1;4;0",0,-15,"0;10;22;25","0;10;13;16","0;0;3;3","-;-;-;-","0;-1;-1;-1","0;0;550;1000","1;1;1;1",,,,,-1,"0;0;0;0","boss_valentines_shade",,"TID_MEGA_BOSS_TITLE_GENERAL","chat_letsplay_boss_brawlentines_shade","event_icon_boss_brawlentines_shade","event_gameroom_boss_shade_brawlentines",
,,,,,350,60,,,,,,,"0;1;4;1",0,-10,,,,,,,,,,,,,,,,,,,,
,,,,,400,30,,,,,,,"0;2;4;1",50,-5,,,,,,,,,,,,,,,,,,,,
,,,,,0,0,,,,,,,"0;2;5;2",75,0,,,,,,,,,,,,,,,,,,,,
,,,,,0,0,,,,,,,"0;2;5;2",100,10,,,,,,,,,,,,,,,,,,,,
,,,,,0,0,,,,,,,"0;2;5;3",200,15,,,,,,,,,,,,,,,,,,,,
"MegaBossInsectMan",,,,,250,100,"MegaBossVulnerableGen",20,"50;50;50;50",-1,6,"MegaBossInsectManJump;MegaBossInsectManUlti;MegaBossInsectManWeapon;MegaBossInsectManWeaponSecond;MegaBossInsectManWeapon;MegaBossInsectManUltiSecond","1;1;1;1;0;0",0,-15,"20;18;37;50;37;20","20;18;37;50;37;20","0;0;0;0;0;0","'-;-;-;-;-;-","-6000;-1;-1;-1;-1;-1","0;120;180;250;0;400","1;1;1;1;1;1",,,,,-1,"0;0;0;0;0;0","boss_valentines_angelo",,"TID_MEGA_BOSS_TITLE_GENERAL","chat_letsplay_boss_brawlentines_angelo","event_icon_boss_brawlentines_angelo","event_gameroom_boss_angelo_brawlentines",
,,,,,350,60,,,,,,,"1;2;2;2;1;1",0,-10,,,,,,,,,,,,,,,,,,,,
,,,,,400,30,,,,,,,"1;2;2;2;2;1",50,-5,,,,,,,,,,,,,,,,,,,,
,,,,,0,0,,,,,,,"1;2;2;2;2;1",75,0,,,,,,,,,,,,,,,,,,,,
,,,,,0,0,,,,,,,"1;3;2;3;3;2",100,10,,,,,,,,,,,,,,,,,,,,
,,,,,0,0,,,,,,,"1;3;2;3;3;3",200,15,,,,,,,,,,,,,,,,,,,,
"MegaBossTrickshotBrawlentines",,,"MB_Rico_BulletExplode_1",,250,100,"MegaBossVulnerableGen",10,"50;50;50;50",-1,6,"MegaBossTrickshot2PushAway;MegaBossTrickshot2Weapon;MegaBossTrickshot2DudeUlti;MegaBossTrickshot2WeaponSecond;MegaBossTrickshot2Dash;MegaBossTrickshot2UltraSuper","1;1;0;0;0;0",0,-15,"20;25;30;35;40;40","20;30;30;35;40;40","0;0;0;0;1;0","'-;-;-;-;MegaBossIndicatorLarge;-","0;-1;-1;-1;0;-1","0;120;180;250;0;400","1;1;1;1;1;1",,"MegaBossTrickshotBrawlentines2",,,-1,"0;0;0;0;0;0","boss_valentines_rico",,"TID_MEGA_BOSS_TITLE_GENERAL","chat_letsplay_boss_brawlentines_rico","event_icon_boss_brawlentines_rico","event_gameroom_boss_rico_brawlentines",
,,,,,350,60,,,,,,,"1;1;0;0;0;0",0,-10,,,,,,,,,,,,,,,,,,,,
,,,,,400,30,,,,,,,"1;1;0;0;0;0",50,-5,,,,,,,,,,,,,,,,,,,,
,,,,,0,0,,,,,,,"1;1;0;0;0;0",75,0,,,,,,,,,,,,,,,,,,,,
,,,,,0,0,,,,,,,"1;1;0;0;0;0",100,10,,,,,,,,,,,,,,,,,,,,
,,,,,0,0,,,,,,,"1;1;0;0;0;0",200,15,,,,,,,,,,,,,,,,,,,,
"MegaBossTrickshotBrawlentines2",,,"MB_Rico_BulletExplode_2",,250,100,"MegaBossVulnerableGen",10,"50;50;50;50",-1,6,"MegaBossTrickshot2PushAway;MegaBossTrickshot2Weapon;MegaBossTrickshot2DudeUlti;MegaBossTrickshot2WeaponSecond;MegaBossTrickshot2Dash;MegaBossTrickshot2UltraSuper","1;0;0;1;0;0",0,-15,"20;25;30;35;40;40","20;30;30;35;40;40","0;0;0;0;1;0","'-;-;-;-;MegaBossIndicatorLarge;-","0;-1;-1;-1;0;-1","0;120;180;250;0;400","1;1;1;1;1;1",,"MegaBossTrickshotBrawlentines3",,,-1,"0;0;0;0;0;0","boss_valentines_rico",,"TID_MEGA_BOSS_TITLE_GENERAL","chat_letsplay_boss_brawlentines_rico","event_icon_boss_brawlentines_rico","event_gameroom_boss_rico_brawlentines",
,,,,,350,60,,,,,,,"1;0;0;1;0;0",0,-10,,,,,,,,,,,,,,,,,,,,
,,,,,400,30,,,,,,,"1;0;0;1;0;0",50,-5,,,,,,,,,,,,,,,,,,,,
,,,,,0,0,,,,,,,"1;0;0;1;0;0",75,0,,,,,,,,,,,,,,,,,,,,
,,,,,0,0,,,,,,,"1;0;0;1;0;0",100,10,,,,,,,,,,,,,,,,,,,,
,,,,,0,0,,,,,,,"1;0;0;1;0;0",200,15,,,,,,,,,,,,,,,,,,,,
"MegaBossTrickshotBrawlentines3",,,"MB_Rico_BulletExplode_3",,250,100,"MegaBossVulnerableGen",10,"50;50;50;50",-1,6,"MegaBossTrickshot2PushAway;MegaBossTrickshot2Weapon;MegaBossTrickshot2DudeUlti;MegaBossTrickshot2WeaponSecond;MegaBossTrickshot2Dash;MegaBossTrickshot2UltraSuper","1;0;1;0;2;2",0,-15,"20;25;35;35;45;45","20;25;35;35;45;45","0;0;0;0;3;0","'-;-;-;-;-;-","0;-1;-1;-1;-1;-1","0;120;180;250;400;400","1;1;1;1;1;1",,,,,-1,"0;0;0;0;0;0","boss_valentines_rico",,"TID_MEGA_BOSS_TITLE_GENERAL","chat_letsplay_boss_brawlentines_rico","event_icon_boss_brawlentines_rico","event_gameroom_boss_rico_brawlentines",
,,,,,350,60,,,,,,,"1;0;1;0;2;2",0,-10,,,,,,,,,,,,,,,,,,,,
,,,,,400,30,,,,,,,"1;0;1;0;2;2",50,-5,,,,,,,,,,,,,,,,,,,,
,,,,,0,0,,,,,,,"1;0;1;0;2;2",75,0,,,,,,,,,,,,,,,,,,,,
,,,,,0,0,,,,,,,"1;0;1;0;2;3",100,10,,,,,,,,,,,,,,,,,,,,
,,,,,0,0,,,,,,,"1;0;1;0;3;4",200,15,,,,,,,,,,,,,,,,,,,,
"MegaBossMaisie",,,,,250,100,"MegaBossVulnerableGen",7,"50;50;50;50",-1,6,"MegaBossMaisiePushAway;MegaBossMaisieWeapon;MegaBossMaisieBigProjectile;MegaBossMaisieChargeBlast;MegaBossMaisieUlt;MegaBossMaisieCreateTurrets","0;2;1;1;0;0",0,-15,"20;18;22;38;20;25","20;15;20;30;25;25","0;0;0;3;0;0","-;-;-;-;-;-","-1;-1;-1;-1;0;-1","0;0;380;550;0;0","1;1;1;1;1;1",,,,,10,"0;0;0;0;0;0","boss_dragons_maisie","boss_dragons_maisie","TID_MEGA_BOSS_TITLE_DRAGON","chat_letsplay_boss_dragons_maisie","event_icon_boss_dragons_maisie","event_gameroom_boss_maisie_dragons",2
,,,,,350,60,,,,,,,"0;1;1;1;1;0",50,-5,,,,,,,,,,,,,,,,,,,,
,,,,,400,30,,,,,,,"0;2;2;1;2;1",75,0,,,,,,,,,,,,,,,,,,,,
,,,,,0,0,,,,,,,"0;2;2;1;3;1",100,5,,,,,,,,,,,,,,,,,,,,
,,,,,0,0,,,,,,,"0;3;2;1;4;2",150,10,,,,,,,,,,,,,,,,,,,,
,,,,,0,0,,,,,,,"0;3;3;2;4;2",200,20,,,,,,,,,,,,,,,,,,,,
"MegaBossNitaWithBearCustom",,,"MB_Nita_ProjectilSize",,250,100,"MegaBossVulnerableGen",20,"50;50;50;50",-1,4,"MegaBossNitaMelee;MegaBossNitaSummonBruceWithNitaCustom;MegaBossNitaWeapon;MegaBossNitaDefence","0;1;4;0",0,-15,"0;40;40;40","0;40;40;40","0;0;3;0","-;-;-;-","0;-1;-1;-1","0;0;500;0","1;1;1;1",,,,,-1,"0;0;0;0","boss_april_fools_nita","boss_april_fools_nita","TID_MEGA_BOSS_TITLE_APRIL_FOOLS","chat_letsplay_boss_april_fools_nita","event_icon_boss_april_fools_nita","event_gameroom_boss_nita_april_fools",
,,,,,350,60,,,,,,,"0;1;4;1",50,-10,,,,,,,,,,,,,,,,,,,,
,,,,,400,30,,,,,,,"0;1;4;1",75,-5,,,,,,,,,,,,,,,,,,,,
,,,,,0,0,,,,,,,"0;2;4;2",100,0,,,,,,,,,,,,,,,,,,,,
,,,,,0,0,,,,,,,"0;2;3;2",150,10,,,,,,,,,,,,,,,,,,,,
,,,,,0,0,,,,,,,"0;3;3;2",200,15,,,,,,,,,,,,,,,,,,,,
"MegaBossGrom",,,"MB_Grom_AreaEffectSize;MB_Grom_BulletSize",,250,100,"MegaBossVulnerableGen",7,"50;50;50;50",7,7,"MegaBossCrossBomberMelee;MegaBossCrossBomberWeapon;MegaBossCrossBomberWeaponSecond;MegaBossCrossBomberUlti;MegaBossCrossBombPet;MegaBossCrossBombWeapon360;MegaBossCrossBombUlti360","0;2;1;1;1;0;0",0,-15,"20;22;22;22;28;28;30","20;22;22;22;28;28;30","0;0;0;0;0;0;0","'-;-;-;-;-;-","-1;-1;-1;-1;-1;-1;-1","0;0;0;0;0;0;0","1;1;1;1;1;1;1",,,,,10,"0;0;0;0;0;0;0","boss_dragons_grom","boss_dragons_grom","TID_MEGA_BOSS_TITLE_DRAGON","chat_letsplay_boss_dragons_grom","event_icon_boss_dragons_grom","event_gameroom_boss_grom_dragons",
,,,,,350,60,,,,,,,"0;2;2;1;1;1;0",50,-10,,,,,,,,,,,,,,,,,,,,
,,,,,400,30,,,,,,,"0;2;2;1;1;1;1",75,-5,,,,,,,,,,,,,,,,,,,,
,,,,,0,0,,,,,,,"0;2;2;2;2;2;1",100,0,,,,,,,,,,,,,,,,,,,,
,,,,,0,0,,,,,,,"0;3;2;2;2;2;2",150,10,,,,,,,,,,,,,,,,,,,,
,,,,,0,0,,,,,,,"0;3;3;3;3;2;3",200,15,,,,,,,,,,,,,,,,,,,,
"MegaBossGriff",,,"MB_Griff_ProjectilSize",,250,100,"MegaBossVulnerableGen",7,"9;14;8;9",-1,8,"MegaBossAssaultShotgunMeleeBomb;MegaBossAssaultShotgunWeapon;MegaBossAssaultShotgunWeaponSecond;MegaBossAssaultShotgunWeaponThird;MegaBossAssaultShotgunWeaponForth;MegaBossAssaultShotgunUlti;MegaBossAssaultShotgunHCUlti;MegaBossAssaultShotgunBomb","1;1;1;1;1;1;0;0",0,-15,"15;5;5;5;20;30;40;20","15;5;5;5;25;25;25;55","0;0;0;0;0;0;0;0","''-;-;-;-;-;-;-;-","-1;-1;-1;-1;-1;-1;-1;-1","0;0;0;0;0;0;0;0","1;1;1;1;1;1;1;1",,,,,10,"0;0;0;0;0;0;0;0","boss_dragons_griff","boss_dragons_griff","TID_MEGA_BOSS_TITLE_DRAGON","chat_letsplay_boss_dragons_griff","event_icon_boss_dragons_griff","event_gameroom_boss_griff_dragons",
,,,,,350,60,,,,,,,"1;1;1;1;1;1;1;0",50,-10,,,,,,,,,,,,,,,,,,,,
,,,,,400,30,,,,,,,"1;1;1;1;1;1;1;1",75,-5,,,,,,,,,,,,,,,,,,,,
,,,,,0,0,,,,,,,"1;1;1;1;2;2;1;1",100,0,,,,,,,,,,,,,,,,,,,,
,,,,,0,0,,,,,,,"1;1;1;1;2;2;2;2",150,10,,,,,,,,,,,,,,,,,,,,
,,,,,0,0,,,,,,,"1;1;1;1;3;3;3;2",200,15,,,,,,,,,,,,,,,,,,,,
"MegaBossCrowDragonL1",,,"MB_DragonCrowL1_ProjectilSize",,250,100,"MegaBossVulnerableGen",3,"3;5;6;6",-1,3,"MegaBossDragonCrowMeleeL1;MegaBossDragonCrowWeaponL1;MegaBossDragonCrowWeaponSecondL1","0;1;1;0",0,-15,"20;20;25","20;20;25","0;0;0","'-;-;-","-1;-1;-1","0;0;0","1;1;1","TRUE",,1,1,-1,"0;0;0","boss_dragons_crow3","boss_dragons_crow","TID_MEGA_BOSS_TITLE_DRAGON","chat_letsplay_boss_dragons_crow","event_icon_boss_dragons_crow","event_gameroom_boss_crow_dragons",
,,,,,350,60,,,,,,,"0;1;1;1",50,-10,,,,,,,,,,,,,,,,,,,,
,,,,,400,30,,,,,,,"0;1;1;1",75,-5,,,,,,,,,,,,,,,,,,,,
,,,,,0,0,,,,,,,"0;1;1;1",100,0,,,,,,,,,,,,,,,,,,,,
,,,,,0,0,,,,,,,"0;1;1;1",150,10,,,,,,,,,,,,,,,,,,,,
,,,,,0,0,,,,,,,"0;1;1;1",200,15,,,,,,,,,,,,,,,,,,,,
"MegaBossCrowDragonL2","OnDefeatBoss","MegaBossCrowDragonL1","MB_DragonCrowL2_ProjectilSize",,250,100,"MegaBossVulnerableGen",5,"3;6;7;7",-1,5,"MegaBossDragonCrowMeleeL2;MegaBossDragonCrowWeaponL2;MegaBossDragonCrowWeaponSecondL2;MegaBossDragonCrowDefenceL2;MegaBossDragonCrowDefenceL2","0;1;1;1;0",0,-15,"20;20;25;22;22","20;20;25;22;22","0;0;0;0;0","'-;-;-;-;-","-1;-1;-1;-1;-1","0;0;0;0;0","1;1;1;1;1","TRUE",,2,2,-1,"0;0;0;0;0","boss_dragons_crow3","boss_dragons_crow","TID_MEGA_BOSS_TITLE_DRAGON","chat_letsplay_boss_dragons_crow","event_icon_boss_dragons_crow","event_gameroom_boss_crow_dragons",
,,,,,350,60,,,,,,,"0;1;1;1;1",50,-10,,,,,,,,,,,,,,,,,,,,
,,,,,400,30,,,,,,,"0;1;1;1;1",75,-5,,,,,,,,,,,,,,,,,,,,
,,,,,0,0,,,,,,,"0;1;1;1;1",100,0,,,,,,,,,,,,,,,,,,,,
,,,,,0,0,,,,,,,"0;2;2;1;1",150,10,,,,,,,,,,,,,,,,,,,,
,,,,,0,0,,,,,,,"0;3;3;2;1",200,15,,,,,,,,,,,,,,,,,,,,
"MegaBossCrowDragonL3","OnDefeatBoss","MegaBossCrowDragonL2","MB_DragonCrowL3_ProjectilSize;MB_Crow_FireBallAround;MB_Crow_ProjectileSpeed",,250,100,"MegaBossVulnerableGen",6,"3;14;12;12",-1,6,"MegaBossDragonCrowMeleeL3;MegaBossDragonCrowWeaponL3;MegaBossDragonCrowWeaponSecondL3;MegaBossDragonCrowFire360L3;MegaBossDragonCrowUltiL3;MegaBossDragonCrowSummon","0;1;1;1;0;0",0,-15,"20;16;18;20;25;35","20;16;18;20;25;35","0;0;3;0;1;0","''-;-;-;-;MegaBossCrowMidSizeIndicator;-","-1;-1;-1;-1;-1;-1","0;0;400;0;0;0","1;1;1;1;1;1",,,3,,-1,"0;0;0;0;0;0","boss_dragons_crow3","boss_dragons_crow","TID_MEGA_BOSS_TITLE_DRAGON","chat_letsplay_boss_dragons_crow","event_icon_boss_dragons_crow","event_gameroom_boss_crow_dragons",
,,,,,350,60,,,,,,,"0;2;2;2;1;0",50,-10,,,,,,,,,,,,,,,,,,,,
,,,,,400,30,,,,,,,"0;2;2;2;2;1",75,-5,,,,,,,,,,,,,,,,,,,,
,,,,,0,0,,,,,,,"0;2;2;2;2;1",100,0,,,,,,,,,,,,,,,,,,,,
,,,,,0,0,,,,,,,"0;2;2;3;3;1",150,10,,,,,,,,,,,,,,,,,,,,
,,,,,0,0,,,,,,,"0;2;3;3;3;1",200,15,,,,,,,,,,,,,,,,,,,,
"MegaBossBearWithNitaCustom",,,,,250,100,"MegaBossVulnerableGen",100,"50;50;50;50",-1,4,"MegaBossNitaMelee;MegaBossNitaSummonSmallBear;MegaBossNitaSummonSmallBear;MegaBossNitaSummonSmallBear","1;1;4;0",0,-15,"0;20;20;20","0;20;20;20","0;0;0;0","-;-;-;-","0;-1;-1;-1","0;0;0;0","1;1;1;1","TRUE",,,1,-1,"0;0;0;0","boss_april_fools_nita","boss_april_fools_nita","TID_MEGA_BOSS_TITLE_APRIL_FOOLS","chat_letsplay_boss_april_fools_nita","event_icon_boss_april_fools_nita","event_gameroom_boss_nita_april_fools",
,,,,,350,60,,,,,,,"1;1;4;1",50,-10,,,,,,,,,,,,,,,,,,,,
,,,,,400,30,,,,,,,"1;2;4;1",75,-5,,,,,,,,,,,,,,,,,,,,
,,,,,0,0,,,,,,,"1;2;5;2",100,0,,,,,,,,,,,,,,,,,,,,
,,,,,0,0,,,,,,,"1;2;5;2",150,10,,,,,,,,,,,,,,,,,,,,
,,,,,0,0,,,,,,,"1;2;5;3",200,15,,,,,,,,,,,,,,,,,,,,
"MegaBossCrowDragonL3Ghost1",,,"MB_DragonCrowL3_ProjectilSize",,250,100,"MegaBossVulnerableGen",50,"3;14;12;12",-1,6,"MegaBossDragonCrowMeleeL3;MegaBossDragonCrowWeaponL3;MegaBossDragonCrowWeaponSecondL3;MegaBossDragonCrowFire360L3;MegaBossDragonCrowUltiL3;MegaBossDragonCrowSummon","0;1;1;1;0;0",0,-15,"20;16;18;20;25;35","20;16;18;20;25;35","0;0;3;0;1;0","''-;-;-;-;MegaBossCrowMidSizeIndicator;-","-1;-1;-1;-1;-1;-1","0;0;400;0;0;0","1;1;1;1;1;1","TRUE",,,,-1,"0;0;0;0;0;0","boss_dragons_crow3","boss_dragons_crow","TID_MEGA_BOSS_TITLE_DRAGON","chat_letsplay_boss_dragons_crow","event_icon_boss_dragons_crow","event_gameroom_boss_crow_dragons",
,,,,,350,60,,,,,,,"0;2;2;2;1;0",50,-10,,,,,,,,,,,,,,,,,,,,
,,,,,400,30,,,,,,,"0;2;2;2;2;0",75,-5,,,,,,,,,,,,,,,,,,,,
,,,,,0,0,,,,,,,"0;2;2;2;2;0",100,0,,,,,,,,,,,,,,,,,,,,
,,,,,0,0,,,,,,,"0;2;2;3;3;0",150,10,,,,,,,,,,,,,,,,,,,,
,,,,,0,0,,,,,,,"0;2;2;3;3;0",200,15,,,,,,,,,,,,,,,,,,,,
